都道府県,政令市･郡,政令市･郡（ふりがな）,市区町村,市区町村（ふりがな）
北海道,札幌市,さっぽろし,,
北海道,札幌市,さっぽろし,中央区,ちゅうおうく
北海道,札幌市,さっぽろし,北区,きたく
北海道,札幌市,さっぽろし,東区,ひがしく
北海道,札幌市,さっぽろし,白石区,しろいしく
北海道,札幌市,さっぽろし,豊平区,とよひらく
北海道,札幌市,さっぽろし,南区,みなみく
北海道,札幌市,さっぽろし,西区,にしく
北海道,札幌市,さっぽろし,厚別区,あつべつく
北海道,札幌市,さっぽろし,手稲区,ていねく
北海道,札幌市,さっぽろし,清田区,きよたく
北海道,,,函館市,はこだてし
北海道,,,小樽市,おたるし
北海道,,,旭川市,あさひかわし
北海道,,,室蘭市,むろらんし
北海道,,,釧路市,くしろし
北海道,,,帯広市,おびひろし
北海道,,,北見市,きたみし
北海道,,,夕張市,ゆうばりし
北海道,,,岩見沢市,いわみざわし
北海道,,,網走市,あばしりし
北海道,,,留萌市,るもいし
北海道,,,苫小牧市,とまこまいし
北海道,,,稚内市,わっかないし
北海道,,,美唄市,びばいし
北海道,,,芦別市,あしべつし
北海道,,,江別市,えべつし
北海道,,,赤平市,あかびらし
北海道,,,紋別市,もんべつし
北海道,,,士別市,しべつし
北海道,,,名寄市,なよろし
北海道,,,三笠市,みかさし
北海道,,,根室市,ねむろし
北海道,,,千歳市,ちとせし
北海道,,,滝川市,たきかわし
北海道,,,砂川市,すながわし
北海道,,,歌志内市,うたしないし
北海道,,,深川市,ふかがわし
北海道,,,富良野市,ふらのし
北海道,,,登別市,のぼりべつし
北海道,,,恵庭市,えにわし
北海道,,,伊達市,だてし
北海道,,,北広島市,きたひろしまし
北海道,,,石狩市,いしかりし
北海道,,,北斗市,ほくとし
北海道,石狩郡,いしかりぐん,当別町,とうべつちょう
北海道,石狩郡,いしかりぐん,新篠津村,しんしのつむら
北海道,松前郡,まつまえぐん,松前町,まつまえちょう
北海道,松前郡,まつまえぐん,福島町,ふくしまちょう
北海道,上磯郡,かみいそぐん,知内町,しりうちちょう
北海道,上磯郡,かみいそぐん,木古内町,きこないちょう
北海道,亀田郡,かめだぐん,七飯町,ななえちょう
北海道,茅部郡,かやべぐん,鹿部町,しかべちょう
北海道,茅部郡,かやべぐん,森町,もりまち
北海道,二海郡,ふたみぐん,八雲町,やくもちょう
北海道,山越郡,やまこしぐん,長万部町,おしゃまんべちょう
北海道,檜山郡,ひやまぐん,江差町,えさしちょう
北海道,檜山郡,ひやまぐん,上ノ国町,かみのくにちょう
北海道,檜山郡,ひやまぐん,厚沢部町,あっさぶちょう
北海道,爾志郡,にしぐん,乙部町,おとべちょう
北海道,奥尻郡,おくしりぐん,奥尻町,おくしりちょう
北海道,瀬棚郡,せたなぐん,今金町,いまかねちょう
北海道,久遠郡,くどうぐん,せたな町,せたなちょう
北海道,島牧郡,しままきぐん,島牧村,しままきむら
北海道,寿都郡,すっつぐん,寿都町,すっつちょう
北海道,寿都郡,すっつぐん,黒松内町,くろまつないちょう
北海道,磯谷郡,いそやぐん,蘭越町,らんこしちょう
北海道,虻田郡,あぶたぐん,ニセコ町,にせこちょう
北海道,虻田郡,あぶたぐん,真狩村,まっかりむら
北海道,虻田郡,あぶたぐん,留寿都村,るすつむら
北海道,虻田郡,あぶたぐん,喜茂別町,きもべつちょう
北海道,虻田郡,あぶたぐん,京極町,きょうごくちょう
北海道,虻田郡,あぶたぐん,倶知安町,くっちゃんちょう
北海道,岩内郡,いわないぐん,共和町,きょうわちょう
北海道,岩内郡,いわないぐん,岩内町,いわないちょう
北海道,古宇郡,ふるうぐん,泊村,とまりむら
北海道,古宇郡,ふるうぐん,神恵内村,かもえないむら
北海道,積丹郡,しゃこたんぐん,積丹町,しゃこたんちょう
北海道,古平郡,ふるびらぐん,古平町,ふるびらちょう
北海道,余市郡,よいちぐん,仁木町,にきちょう
北海道,余市郡,よいちぐん,余市町,よいちちょう
北海道,余市郡,よいちぐん,赤井川村,あかいがわむら
北海道,空知郡,そらちぐん,南幌町,なんぽろちょう
北海道,空知郡,そらちぐん,奈井江町,ないえちょう
北海道,空知郡,そらちぐん,上砂川町,かみすながわちょう
北海道,夕張郡,ゆうばりぐん,由仁町,ゆにちょう
北海道,夕張郡,ゆうばりぐん,長沼町,ながぬまちょう
北海道,夕張郡,ゆうばりぐん,栗山町,くりやまちょう
北海道,樺戸郡,かばとぐん,月形町,つきがたちょう
北海道,樺戸郡,かばとぐん,浦臼町,うらうすちょう
北海道,樺戸郡,かばとぐん,新十津川町,しんとつかわちょう
北海道,雨竜郡,うりゅうぐん,妹背牛町,もせうしちょう
北海道,雨竜郡,うりゅうぐん,秩父別町,ちっぷべつちょう
北海道,雨竜郡,うりゅうぐん,雨竜町,うりゅうちょう
北海道,雨竜郡,うりゅうぐん,北竜町,ほくりゅうちょう
北海道,雨竜郡,うりゅうぐん,沼田町,ぬまたちょう
北海道,上川郡,かみかわぐん,鷹栖町,たかすちょう
北海道,上川郡,かみかわぐん,東神楽町,ひがしかぐらちょう
北海道,上川郡,かみかわぐん,当麻町,とうまちょう
北海道,上川郡,かみかわぐん,比布町,ぴっぷちょう
北海道,上川郡,かみかわぐん,愛別町,あいべつちょう
北海道,上川郡,かみかわぐん,上川町,かみかわちょう
北海道,上川郡,かみかわぐん,東川町,ひがしかわちょう
北海道,上川郡,かみかわぐん,美瑛町,びえいちょう
北海道,空知郡,そらちぐん,上富良野町,かみふらのちょう
北海道,空知郡,そらちぐん,中富良野町,なかふらのちょう
北海道,空知郡,そらちぐん,南富良野町,みなみふらのちょう
北海道,勇払郡,ゆうふつぐん,占冠村,しむかっぷむら
北海道,上川郡,かみかわぐん,和寒町,わっさむちょう
北海道,上川郡,かみかわぐん,剣淵町,けんぶちちょう
北海道,上川郡,かみかわぐん,下川町,しもかわちょう
北海道,中川郡,なかがわぐん,美深町,びふかちょう
北海道,中川郡,なかがわぐん,音威子府村,おといねっぷむら
北海道,中川郡,なかがわぐん,中川町,なかがわちょう
北海道,雨竜郡,うりゅうぐん,幌加内町,ほろかないちょう
北海道,増毛郡,ましけぐん,増毛町,ましけちょう
北海道,留萌郡,るもいぐん,小平町,おびらちょう
北海道,苫前郡,とままえぐん,苫前町,とままえちょう
北海道,苫前郡,とままえぐん,羽幌町,はぼろちょう
北海道,苫前郡,とままえぐん,初山別村,しょさんべつむら
北海道,天塩郡,てしおぐん,遠別町,えんべつちょう
北海道,天塩郡,てしおぐん,天塩町,てしおちょう
北海道,宗谷郡,そうやぐん,猿払村,さるふつむら
北海道,枝幸郡,えさしぐん,浜頓別町,はまとんべつちょう
北海道,枝幸郡,えさしぐん,中頓別町,なかとんべつちょう
北海道,枝幸郡,えさしぐん,枝幸町,えさしちょう
北海道,天塩郡,てしおぐん,豊富町,とよとみちょう
北海道,礼文郡,れぶんぐん,礼文町,れぶんちょう
北海道,利尻郡,りしりぐん,利尻町,りしりちょう
北海道,利尻郡,りしりぐん,利尻富士町,りしりふじちょう
北海道,天塩郡,てしおぐん,幌延町,ほろのべちょう
北海道,網走郡,あばしりぐん,美幌町,びほろちょう
北海道,網走郡,あばしりぐん,津別町,つべつちょう
北海道,斜里郡,しゃりぐん,斜里町,しゃりちょう
北海道,斜里郡,しゃりぐん,清里町,きよさとちょう
北海道,斜里郡,しゃりぐん,小清水町,こしみずちょう
北海道,常呂郡,ところぐん,訓子府町,くんねっぷちょう
北海道,常呂郡,ところぐん,置戸町,おけとちょう
北海道,常呂郡,ところぐん,佐呂間町,さろまちょう
北海道,紋別郡,もんべつぐん,遠軽町,えんがるちょう
北海道,紋別郡,もんべつぐん,湧別町,ゆうべつちょう
北海道,紋別郡,もんべつぐん,滝上町,たきのうえちょう
北海道,紋別郡,もんべつぐん,興部町,おこっぺちょう
北海道,紋別郡,もんべつぐん,西興部村,にしおこっぺむら
北海道,紋別郡,もんべつぐん,雄武町,おうむちょう
北海道,網走郡,あばしりぐん,大空町,おおぞらちょう
北海道,虻田郡,あぶたぐん,豊浦町,とようらちょう
北海道,有珠郡,うすぐん,壮瞥町,そうべつちょう
北海道,白老郡,しらおいぐん,白老町,しらおいちょう
北海道,勇払郡,ゆうふつぐん,厚真町,あつまちょう
北海道,虻田郡,あぶたぐん,洞爺湖町,とうやこちょう
北海道,勇払郡,ゆうふつぐん,安平町,あびらちょう
北海道,勇払郡,ゆうふつぐん,むかわ町,むかわちょう
北海道,沙流郡,さるぐん,日高町,ひだかちょう
北海道,沙流郡,さるぐん,平取町,びらとりちょう
北海道,新冠郡,にいかっぷぐん,新冠町,にいかっぷちょう
北海道,浦河郡,うらかわぐん,浦河町,うらかわちょう
北海道,様似郡,さまにぐん,様似町,さまにちょう
北海道,幌泉郡,ほろいずみぐん,えりも町,えりもちょう
北海道,日高郡,ひだかぐん,新ひだか町,しんひだかちょう
北海道,河東郡,かとうぐん,音更町,おとふけちょう
北海道,河東郡,かとうぐん,士幌町,しほろちょう
北海道,河東郡,かとうぐん,上士幌町,かみしほろちょう
北海道,河東郡,かとうぐん,鹿追町,しかおいちょう
北海道,上川郡,かみかわぐん,新得町,しんとくちょう
北海道,上川郡,かみかわぐん,清水町,しみずちょう
北海道,河西郡,かさいぐん,芽室町,めむろちょう
北海道,河西郡,かさいぐん,中札内村,なかさつないむら
北海道,河西郡,かさいぐん,更別村,さらべつむら
北海道,広尾郡,ひろおぐん,大樹町,たいきちょう
北海道,広尾郡,ひろおぐん,広尾町,ひろおちょう
北海道,中川郡,なかがわぐん,幕別町,まくべつちょう
北海道,中川郡,なかがわぐん,池田町,いけだちょう
北海道,中川郡,なかがわぐん,豊頃町,とよころちょう
北海道,中川郡,なかがわぐん,本別町,ほんべつちょう
北海道,足寄郡,あしょろぐん,足寄町,あしょろちょう
北海道,足寄郡,あしょろぐん,陸別町,りくべつちょう
北海道,十勝郡,とかちぐん,浦幌町,うらほろちょう
北海道,釧路郡,くしろぐん,釧路町,くしろちょう
北海道,厚岸郡,あっけしぐん,厚岸町,あっけしちょう
北海道,厚岸郡,あっけしぐん,浜中町,はまなかちょう
北海道,川上郡,かわかみぐん,標茶町,しべちゃちょう
北海道,川上郡,かわかみぐん,弟子屈町,てしかがちょう
北海道,阿寒郡,あかんぐん,鶴居村,つるいむら
北海道,白糠郡,しらぬかぐん,白糠町,しらぬかちょう
北海道,野付郡,のつけぐん,別海町,べつかいちょう
北海道,標津郡,しべつぐん,中標津町,なかしべつちょう
北海道,標津郡,しべつぐん,標津町,しべつちょう
北海道,目梨郡,めなしぐん,羅臼町,らうすちょう
北海道,色丹郡,しこたんぐん,色丹村,しこたんむら
北海道,国後郡,くなしりぐん,泊村,とまりむら
北海道,国後郡,くなしりぐん,留夜別村,るよべつむら
北海道,択捉郡,えとろふぐん,留別村,るべつむら
北海道,紗那郡,しゃなぐん,紗那村,しゃなむら
北海道,蘂取郡,しべとろぐん,蘂取村,しべとろむら
青森県,,,青森市,あおもりし
青森県,,,弘前市,ひろさきし
青森県,,,八戸市,はちのへし
青森県,,,黒石市,くろいしし
青森県,,,五所川原市,ごしょがわらし
青森県,,,十和田市,とわだし
青森県,,,三沢市,みさわし
青森県,,,むつ市,むつし
青森県,,,つがる市,つがるし
青森県,,,平川市,ひらかわし
青森県,東津軽郡,ひがしつがるぐん,平内町,ひらないまち
青森県,東津軽郡,ひがしつがるぐん,今別町,いまべつまち
青森県,東津軽郡,ひがしつがるぐん,蓬田村,よもぎたむら
青森県,東津軽郡,ひがしつがるぐん,外ヶ浜町,そとがはままち
青森県,西津軽郡,にしつがるぐん,鰺ヶ沢町,あじがさわまち
青森県,西津軽郡,にしつがるぐん,深浦町,ふかうらまち
青森県,中津軽郡,なかつがるぐん,西目屋村,にしめやむら
青森県,南津軽郡,みなみつがるぐん,藤崎町,ふじさきまち
青森県,南津軽郡,みなみつがるぐん,大鰐町,おおわにまち
青森県,南津軽郡,みなみつがるぐん,田舎館村,いなかだてむら
青森県,北津軽郡,きたつがるぐん,板柳町,いたやなぎまち
青森県,北津軽郡,きたつがるぐん,鶴田町,つるたまち
青森県,北津軽郡,きたつがるぐん,中泊町,なかどまりまち
青森県,上北郡,かみきたぐん,野辺地町,のへじまち
青森県,上北郡,かみきたぐん,七戸町,しちのへまち
青森県,上北郡,かみきたぐん,六戸町,ろくのへまち
青森県,上北郡,かみきたぐん,横浜町,よこはままち
青森県,上北郡,かみきたぐん,東北町,とうほくまち
青森県,上北郡,かみきたぐん,六ヶ所村,ろっかしょむら
青森県,上北郡,かみきたぐん,おいらせ町,おいらせちょう
青森県,下北郡,しもきたぐん,大間町,おおままち
青森県,下北郡,しもきたぐん,東通村,ひがしどおりむら
青森県,下北郡,しもきたぐん,風間浦村,かざまうらむら
青森県,下北郡,しもきたぐん,佐井村,さいむら
青森県,三戸郡,さんのへぐん,三戸町,さんのへまち
青森県,三戸郡,さんのへぐん,五戸町,ごのへまち
青森県,三戸郡,さんのへぐん,田子町,たっこまち
青森県,三戸郡,さんのへぐん,南部町,なんぶちょう
青森県,三戸郡,さんのへぐん,階上町,はしかみちょう
青森県,三戸郡,さんのへぐん,新郷村,しんごうむら
岩手県,,,盛岡市,もりおかし
岩手県,,,宮古市,みやこし
岩手県,,,大船渡市,おおふなとし
岩手県,,,花巻市,はなまきし
岩手県,,,北上市,きたかみし
岩手県,,,久慈市,くじし
岩手県,,,遠野市,とおのし
岩手県,,,一関市,いちのせきし
岩手県,,,陸前高田市,りくぜんたかたし
岩手県,,,釜石市,かまいしし
岩手県,,,二戸市,にのへし
岩手県,,,八幡平市,はちまんたいし
岩手県,,,奥州市,おうしゅうし
岩手県,,,滝沢市,たきざわし
岩手県,岩手郡,いわてぐん,雫石町,しずくいしちょう
岩手県,岩手郡,いわてぐん,葛巻町,くずまきまち
岩手県,岩手郡,いわてぐん,岩手町,いわてまち
岩手県,紫波郡,しわぐん,紫波町,しわちょう
岩手県,紫波郡,しわぐん,矢巾町,やはばちょう
岩手県,和賀郡,わがぐん,西和賀町,にしわがまち
岩手県,胆沢郡,いさわぐん,金ケ崎町,かねがさきちょう
岩手県,西磐井郡,にしいわいぐん,平泉町,ひらいずみちょう
岩手県,気仙郡,けせんぐん,住田町,すみたちょう
岩手県,上閉伊郡,かみへいぐん,大槌町,おおつちちょう
岩手県,下閉伊郡,しもへいぐん,山田町,やまだまち
岩手県,下閉伊郡,しもへいぐん,岩泉町,いわいずみちょう
岩手県,下閉伊郡,しもへいぐん,田野畑村,たのはたむら
岩手県,下閉伊郡,しもへいぐん,普代村,ふだいむら
岩手県,九戸郡,くのへぐん,軽米町,かるまいまち
岩手県,九戸郡,くのへぐん,野田村,のだむら
岩手県,九戸郡,くのへぐん,九戸村,くのへむら
岩手県,九戸郡,くのへぐん,洋野町,ひろのちょう
岩手県,二戸郡,にのへぐん,一戸町,いちのへまち
宮城県,仙台市,せんだいし,,
宮城県,仙台市,せんだいし,青葉区,あおばく
宮城県,仙台市,せんだいし,宮城野区,みやぎのく
宮城県,仙台市,せんだいし,若林区,わかばやしく
宮城県,仙台市,せんだいし,太白区,たいはくく
宮城県,仙台市,せんだいし,泉区,いずみく
宮城県,,,石巻市,いしのまきし
宮城県,,,塩竈市,しおがまし
宮城県,,,気仙沼市,けせんぬまし
宮城県,,,白石市,しろいしし
宮城県,,,名取市,なとりし
宮城県,,,角田市,かくだし
宮城県,,,多賀城市,たがじょうし
宮城県,,,岩沼市,いわぬまし
宮城県,,,登米市,とめし
宮城県,,,栗原市,くりはらし
宮城県,,,東松島市,ひがしまつしまし
宮城県,,,大崎市,おおさきし
宮城県,,,富谷市,とみやし
宮城県,刈田郡,かったぐん,蔵王町,ざおうまち
宮城県,刈田郡,かったぐん,七ヶ宿町,しちかしゅくまち
宮城県,柴田郡,しばたぐん,大河原町,おおがわらまち
宮城県,柴田郡,しばたぐん,村田町,むらたまち
宮城県,柴田郡,しばたぐん,柴田町,しばたまち
宮城県,柴田郡,しばたぐん,川崎町,かわさきまち
宮城県,伊具郡,いぐぐん,丸森町,まるもりまち
宮城県,亘理郡,わたりぐん,亘理町,わたりちょう
宮城県,亘理郡,わたりぐん,山元町,やまもとちょう
宮城県,宮城郡,みやぎぐん,松島町,まつしままち
宮城県,宮城郡,みやぎぐん,七ヶ浜町,しちがはままち
宮城県,宮城郡,みやぎぐん,利府町,りふちょう
宮城県,黒川郡,くろかわぐん,大和町,たいわちょう
宮城県,黒川郡,くろかわぐん,大郷町,おおさとちょう
宮城県,黒川郡,くろかわぐん,大衡村,おおひらむら
宮城県,加美郡,かみぐん,色麻町,しかまちょう
宮城県,加美郡,かみぐん,加美町,かみまち
宮城県,遠田郡,とおだぐん,涌谷町,わくやちょう
宮城県,遠田郡,とおだぐん,美里町,みさとまち
宮城県,牡鹿郡,おしかぐん,女川町,おながわちょう
宮城県,本吉郡,もとよしぐん,南三陸町,みなみさんりくちょう
秋田県,,,秋田市,あきたし
秋田県,,,能代市,のしろし
秋田県,,,横手市,よこてし
秋田県,,,大館市,おおだてし
秋田県,,,男鹿市,おがし
秋田県,,,湯沢市,ゆざわし
秋田県,,,鹿角市,かづのし
秋田県,,,由利本荘市,ゆりほんじょうし
秋田県,,,潟上市,かたがみし
秋田県,,,大仙市,だいせんし
秋田県,,,北秋田市,きたあきたし
秋田県,,,にかほ市,にかほし
秋田県,,,仙北市,せんぼくし
秋田県,鹿角郡,かづのぐん,小坂町,こさかまち
秋田県,北秋田郡,きたあきたぐん,上小阿仁村,かみこあにむら
秋田県,山本郡,やまもとぐん,藤里町,ふじさとまち
秋田県,山本郡,やまもとぐん,三種町,みたねちょう
秋田県,山本郡,やまもとぐん,八峰町,はっぽうちょう
秋田県,南秋田郡,みなみあきたぐん,五城目町,ごじょうめまち
秋田県,南秋田郡,みなみあきたぐん,八郎潟町,はちろうがたまち
秋田県,南秋田郡,みなみあきたぐん,井川町,いかわまち
秋田県,南秋田郡,みなみあきたぐん,大潟村,おおがたむら
秋田県,仙北郡,せんぼくぐん,美郷町,みさとちょう
秋田県,雄勝郡,おがちぐん,羽後町,うごまち
秋田県,雄勝郡,おがちぐん,東成瀬村,ひがしなるせむら
山形県,,,山形市,やまがたし
山形県,,,米沢市,よねざわし
山形県,,,鶴岡市,つるおかし
山形県,,,酒田市,さかたし
山形県,,,新庄市,しんじょうし
山形県,,,寒河江市,さがえし
山形県,,,上山市,かみのやまし
山形県,,,村山市,むらやまし
山形県,,,長井市,ながいし
山形県,,,天童市,てんどうし
山形県,,,東根市,ひがしねし
山形県,,,尾花沢市,おばなざわし
山形県,,,南陽市,なんようし
山形県,東村山郡,ひがしむらやまぐん,山辺町,やまのべまち
山形県,東村山郡,ひがしむらやまぐん,中山町,なかやままち
山形県,西村山郡,にしむらやまぐん,河北町,かほくちょう
山形県,西村山郡,にしむらやまぐん,西川町,にしかわまち
山形県,西村山郡,にしむらやまぐん,朝日町,あさひまち
山形県,西村山郡,にしむらやまぐん,大江町,おおえまち
山形県,北村山郡,きたむらやまぐん,大石田町,おおいしだまち
山形県,最上郡,もがみぐん,金山町,かねやままち
山形県,最上郡,もがみぐん,最上町,もがみまち
山形県,最上郡,もがみぐん,舟形町,ふながたまち
山形県,最上郡,もがみぐん,真室川町,まむろがわまち
山形県,最上郡,もがみぐん,大蔵村,おおくらむら
山形県,最上郡,もがみぐん,鮭川村,さけがわむら
山形県,最上郡,もがみぐん,戸沢村,とざわむら
山形県,東置賜郡,ひがしおきたまぐん,高畠町,たかはたまち
山形県,東置賜郡,ひがしおきたまぐん,川西町,かわにしまち
山形県,西置賜郡,にしおきたまぐん,小国町,おぐにまち
山形県,西置賜郡,にしおきたまぐん,白鷹町,しらたかまち
山形県,西置賜郡,にしおきたまぐん,飯豊町,いいでまち
山形県,東田川郡,ひがしたがわぐん,三川町,みかわまち
山形県,東田川郡,ひがしたがわぐん,庄内町,しょうないまち
山形県,飽海郡,あくみぐん,遊佐町,ゆざまち
福島県,,,福島市,ふくしまし
福島県,,,会津若松市,あいづわかまつし
福島県,,,郡山市,こおりやまし
福島県,,,いわき市,いわきし
福島県,,,白河市,しらかわし
福島県,,,須賀川市,すかがわし
福島県,,,喜多方市,きたかたし
福島県,,,相馬市,そうまし
福島県,,,二本松市,にほんまつし
福島県,,,田村市,たむらし
福島県,,,南相馬市,みなみそうまし
福島県,,,伊達市,だてし
福島県,,,本宮市,もとみやし
福島県,伊達郡,だてぐん,桑折町,こおりまち
福島県,伊達郡,だてぐん,国見町,くにみまち
福島県,伊達郡,だてぐん,川俣町,かわまたまち
福島県,安達郡,あだちぐん,大玉村,おおたまむら
福島県,岩瀬郡,いわせぐん,鏡石町,かがみいしまち
福島県,岩瀬郡,いわせぐん,天栄村,てんえいむら
福島県,南会津郡,みなみあいづぐん,下郷町,しもごうまち
福島県,南会津郡,みなみあいづぐん,檜枝岐村,ひのえまたむら
福島県,南会津郡,みなみあいづぐん,只見町,ただみまち
福島県,南会津郡,みなみあいづぐん,南会津町,みなみあいづまち
福島県,耶麻郡,やまぐん,北塩原村,きたしおばらむら
福島県,耶麻郡,やまぐん,西会津町,にしあいづまち
福島県,耶麻郡,やまぐん,磐梯町,ばんだいまち
福島県,耶麻郡,やまぐん,猪苗代町,いなわしろまち
福島県,河沼郡,かわぬまぐん,会津坂下町,あいづばんげまち
福島県,河沼郡,かわぬまぐん,湯川村,ゆがわむら
福島県,河沼郡,かわぬまぐん,柳津町,やないづまち
福島県,大沼郡,おおぬまぐん,三島町,みしままち
福島県,大沼郡,おおぬまぐん,金山町,かねやままち
福島県,大沼郡,おおぬまぐん,昭和村,しょうわむら
福島県,大沼郡,おおぬまぐん,会津美里町,あいづみさとまち
福島県,西白河郡,にししらかわぐん,西郷村,にしごうむら
福島県,西白河郡,にししらかわぐん,泉崎村,いずみざきむら
福島県,西白河郡,にししらかわぐん,中島村,なかじまむら
福島県,西白河郡,にししらかわぐん,矢吹町,やぶきまち
福島県,東白川郡,ひがししらかわぐん,棚倉町,たなぐらまち
福島県,東白川郡,ひがししらかわぐん,矢祭町,やまつりまち
福島県,東白川郡,ひがししらかわぐん,塙町,はなわまち
福島県,東白川郡,ひがししらかわぐん,鮫川村,さめがわむら
福島県,石川郡,いしかわぐん,石川町,いしかわまち
福島県,石川郡,いしかわぐん,玉川村,たまかわむら
福島県,石川郡,いしかわぐん,平田村,ひらたむら
福島県,石川郡,いしかわぐん,浅川町,あさかわまち
福島県,石川郡,いしかわぐん,古殿町,ふるどのまち
福島県,田村郡,たむらぐん,三春町,みはるまち
福島県,田村郡,たむらぐん,小野町,おのまち
福島県,双葉郡,ふたばぐん,広野町,ひろのまち
福島県,双葉郡,ふたばぐん,楢葉町,ならはまち
福島県,双葉郡,ふたばぐん,富岡町,とみおかまち
福島県,双葉郡,ふたばぐん,川内村,かわうちむら
福島県,双葉郡,ふたばぐん,大熊町,おおくままち
福島県,双葉郡,ふたばぐん,双葉町,ふたばまち
福島県,双葉郡,ふたばぐん,浪江町,なみえまち
福島県,双葉郡,ふたばぐん,葛尾村,かつらおむら
福島県,相馬郡,そうまぐん,新地町,しんちまち
福島県,相馬郡,そうまぐん,飯舘村,いいたてむら
茨城県,,,水戸市,みとし
茨城県,,,日立市,ひたちし
茨城県,,,土浦市,つちうらし
茨城県,,,古河市,こがし
茨城県,,,石岡市,いしおかし
茨城県,,,結城市,ゆうきし
茨城県,,,龍ケ崎市,りゅうがさきし
茨城県,,,下妻市,しもつまし
茨城県,,,常総市,じょうそうし
茨城県,,,常陸太田市,ひたちおおたし
茨城県,,,高萩市,たかはぎし
茨城県,,,北茨城市,きたいばらきし
茨城県,,,笠間市,かさまし
茨城県,,,取手市,とりでし
茨城県,,,牛久市,うしくし
茨城県,,,つくば市,つくばし
茨城県,,,ひたちなか市,ひたちなかし
茨城県,,,鹿嶋市,かしまし
茨城県,,,潮来市,いたこし
茨城県,,,守谷市,もりやし
茨城県,,,常陸大宮市,ひたちおおみやし
茨城県,,,那珂市,なかし
茨城県,,,筑西市,ちくせいし
茨城県,,,坂東市,ばんどうし
茨城県,,,稲敷市,いなしきし
茨城県,,,かすみがうら市,かすみがうらし
茨城県,,,桜川市,さくらがわし
茨城県,,,神栖市,かみすし
茨城県,,,行方市,なめがたし
茨城県,,,鉾田市,ほこたし
茨城県,,,つくばみらい市,つくばみらいし
茨城県,,,小美玉市,おみたまし
茨城県,東茨城郡,ひがしいばらきぐん,茨城町,いばらきまち
茨城県,東茨城郡,ひがしいばらきぐん,大洗町,おおあらいまち
茨城県,東茨城郡,ひがしいばらきぐん,城里町,しろさとまち
茨城県,那珂郡,なかぐん,東海村,とうかいむら
茨城県,久慈郡,くじぐん,大子町,だいごまち
茨城県,稲敷郡,いなしきぐん,美浦村,みほむら
茨城県,稲敷郡,いなしきぐん,阿見町,あみまち
茨城県,稲敷郡,いなしきぐん,河内町,かわちまち
茨城県,結城郡,ゆうきぐん,八千代町,やちよまち
茨城県,猿島郡,さしまぐん,五霞町,ごかまち
茨城県,猿島郡,さしまぐん,境町,さかいまち
茨城県,北相馬郡,きたそうまぐん,利根町,とねまち
栃木県,,,宇都宮市,うつのみやし
栃木県,,,足利市,あしかがし
栃木県,,,栃木市,とちぎし
栃木県,,,佐野市,さのし
栃木県,,,鹿沼市,かぬまし
栃木県,,,日光市,にっこうし
栃木県,,,小山市,おやまし
栃木県,,,真岡市,もおかし
栃木県,,,大田原市,おおたわらし
栃木県,,,矢板市,やいたし
栃木県,,,那須塩原市,なすしおばらし
栃木県,,,さくら市,さくらし
栃木県,,,那須烏山市,なすからすやまし
栃木県,,,下野市,しもつけし
栃木県,河内郡,かわちぐん,上三川町,かみのかわまち
栃木県,芳賀郡,はがぐん,益子町,ましこまち
栃木県,芳賀郡,はがぐん,茂木町,もてぎまち
栃木県,芳賀郡,はがぐん,市貝町,いちかいまち
栃木県,芳賀郡,はがぐん,芳賀町,はがまち
栃木県,下都賀郡,しもつがぐん,壬生町,みぶまち
栃木県,下都賀郡,しもつがぐん,野木町,のぎまち
栃木県,塩谷郡,しおやぐん,塩谷町,しおやまち
栃木県,塩谷郡,しおやぐん,高根沢町,たかねざわまち
栃木県,那須郡,なすぐん,那須町,なすまち
栃木県,那須郡,なすぐん,那珂川町,なかがわまち
群馬県,,,前橋市,まえばしし
群馬県,,,高崎市,たかさきし
群馬県,,,桐生市,きりゅうし
群馬県,,,伊勢崎市,いせさきし
群馬県,,,太田市,おおたし
群馬県,,,沼田市,ぬまたし
群馬県,,,館林市,たてばやしし
群馬県,,,渋川市,しぶかわし
群馬県,,,藤岡市,ふじおかし
群馬県,,,富岡市,とみおかし
群馬県,,,安中市,あんなかし
群馬県,,,みどり市,みどりし
群馬県,北群馬郡,きたぐんまぐん,榛東村,しんとうむら
群馬県,北群馬郡,きたぐんまぐん,吉岡町,よしおかまち
群馬県,多野郡,たのぐん,上野村,うえのむら
群馬県,多野郡,たのぐん,神流町,かんなまち
群馬県,甘楽郡,かんらぐん,下仁田町,しもにたまち
群馬県,甘楽郡,かんらぐん,南牧村,なんもくむら
群馬県,甘楽郡,かんらぐん,甘楽町,かんらまち
群馬県,吾妻郡,あがつまぐん,中之条町,なかのじょうまち
群馬県,吾妻郡,あがつまぐん,長野原町,ながのはらまち
群馬県,吾妻郡,あがつまぐん,嬬恋村,つまごいむら
群馬県,吾妻郡,あがつまぐん,草津町,くさつまち
群馬県,吾妻郡,あがつまぐん,高山村,たかやまむら
群馬県,吾妻郡,あがつまぐん,東吾妻町,ひがしあがつままち
群馬県,利根郡,とねぐん,片品村,かたしなむら
群馬県,利根郡,とねぐん,川場村,かわばむら
群馬県,利根郡,とねぐん,昭和村,しょうわむら
群馬県,利根郡,とねぐん,みなかみ町,みなかみまち
群馬県,佐波郡,さわぐん,玉村町,たまむらまち
群馬県,邑楽郡,おうらぐん,板倉町,いたくらまち
群馬県,邑楽郡,おうらぐん,明和町,めいわまち
群馬県,邑楽郡,おうらぐん,千代田町,ちよだまち
群馬県,邑楽郡,おうらぐん,大泉町,おおいずみまち
群馬県,邑楽郡,おうらぐん,邑楽町,おうらまち
埼玉県,さいたま市,さいたまし,,
埼玉県,さいたま市,さいたまし,西区,にしく
埼玉県,さいたま市,さいたまし,北区,きたく
埼玉県,さいたま市,さいたまし,大宮区,おおみやく
埼玉県,さいたま市,さいたまし,見沼区,みぬまく
埼玉県,さいたま市,さいたまし,中央区,ちゅうおうく
埼玉県,さいたま市,さいたまし,桜区,さくらく
埼玉県,さいたま市,さいたまし,浦和区,うらわく
埼玉県,さいたま市,さいたまし,南区,みなみく
埼玉県,さいたま市,さいたまし,緑区,みどりく
埼玉県,さいたま市,さいたまし,岩槻区,いわつきく
埼玉県,,,川越市,かわごえし
埼玉県,,,熊谷市,くまがやし
埼玉県,,,川口市,かわぐちし
埼玉県,,,行田市,ぎょうだし
埼玉県,,,秩父市,ちちぶし
埼玉県,,,所沢市,ところざわし
埼玉県,,,飯能市,はんのうし
埼玉県,,,加須市,かぞし
埼玉県,,,本庄市,ほんじょうし
埼玉県,,,東松山市,ひがしまつやまし
埼玉県,,,春日部市,かすかべし
埼玉県,,,狭山市,さやまし
埼玉県,,,羽生市,はにゅうし
埼玉県,,,鴻巣市,こうのすし
埼玉県,,,深谷市,ふかやし
埼玉県,,,上尾市,あげおし
埼玉県,,,草加市,そうかし
埼玉県,,,越谷市,こしがやし
埼玉県,,,蕨市,わらびし
埼玉県,,,戸田市,とだし
埼玉県,,,入間市,いるまし
埼玉県,,,朝霞市,あさかし
埼玉県,,,志木市,しきし
埼玉県,,,和光市,わこうし
埼玉県,,,新座市,にいざし
埼玉県,,,桶川市,おけがわし
埼玉県,,,久喜市,くきし
埼玉県,,,北本市,きたもとし
埼玉県,,,八潮市,やしおし
埼玉県,,,富士見市,ふじみし
埼玉県,,,三郷市,みさとし
埼玉県,,,蓮田市,はすだし
埼玉県,,,坂戸市,さかどし
埼玉県,,,幸手市,さってし
埼玉県,,,鶴ヶ島市,つるがしまし
埼玉県,,,日高市,ひだかし
埼玉県,,,吉川市,よしかわし
埼玉県,,,ふじみ野市,ふじみのし
埼玉県,,,白岡市,しらおかし
埼玉県,北足立郡,きたあだちぐん,伊奈町,いなまち
埼玉県,入間郡,いるまぐん,三芳町,みよしまち
埼玉県,入間郡,いるまぐん,毛呂山町,もろやままち
埼玉県,入間郡,いるまぐん,越生町,おごせまち
埼玉県,比企郡,ひきぐん,滑川町,なめがわまち
埼玉県,比企郡,ひきぐん,嵐山町,らんざんまち
埼玉県,比企郡,ひきぐん,小川町,おがわまち
埼玉県,比企郡,ひきぐん,川島町,かわじままち
埼玉県,比企郡,ひきぐん,吉見町,よしみまち
埼玉県,比企郡,ひきぐん,鳩山町,はとやままち
埼玉県,比企郡,ひきぐん,ときがわ町,ときがわまち
埼玉県,秩父郡,ちちぶぐん,横瀬町,よこぜまち
埼玉県,秩父郡,ちちぶぐん,皆野町,みなのまち
埼玉県,秩父郡,ちちぶぐん,長瀞町,ながとろまち
埼玉県,秩父郡,ちちぶぐん,小鹿野町,おがのまち
埼玉県,秩父郡,ちちぶぐん,東秩父村,ひがしちちぶむら
埼玉県,児玉郡,こだまぐん,美里町,みさとまち
埼玉県,児玉郡,こだまぐん,神川町,かみかわまち
埼玉県,児玉郡,こだまぐん,上里町,かみさとまち
埼玉県,大里郡,おおさとぐん,寄居町,よりいまち
埼玉県,南埼玉郡,みなみさいたまぐん,宮代町,みやしろまち
埼玉県,北葛飾郡,きたかつしかぐん,杉戸町,すぎとまち
埼玉県,北葛飾郡,きたかつしかぐん,松伏町,まつぶしまち
千葉県,千葉市,ちばし,,
千葉県,千葉市,ちばし,中央区,ちゅうおうく
千葉県,千葉市,ちばし,花見川区,はなみがわく
千葉県,千葉市,ちばし,稲毛区,いなげく
千葉県,千葉市,ちばし,若葉区,わかばく
千葉県,千葉市,ちばし,緑区,みどりく
千葉県,千葉市,ちばし,美浜区,みはまく
千葉県,,,銚子市,ちょうしし
千葉県,,,市川市,いちかわし
千葉県,,,船橋市,ふなばしし
千葉県,,,館山市,たてやまし
千葉県,,,木更津市,きさらづし
千葉県,,,松戸市,まつどし
千葉県,,,野田市,のだし
千葉県,,,茂原市,もばらし
千葉県,,,成田市,なりたし
千葉県,,,佐倉市,さくらし
千葉県,,,東金市,とうがねし
千葉県,,,旭市,あさひし
千葉県,,,習志野市,ならしのし
千葉県,,,柏市,かしわし
千葉県,,,勝浦市,かつうらし
千葉県,,,市原市,いちはらし
千葉県,,,流山市,ながれやまし
千葉県,,,八千代市,やちよし
千葉県,,,我孫子市,あびこし
千葉県,,,鴨川市,かもがわし
千葉県,,,鎌ケ谷市,かまがやし
千葉県,,,君津市,きみつし
千葉県,,,富津市,ふっつし
千葉県,,,浦安市,うらやすし
千葉県,,,四街道市,よつかいどうし
千葉県,,,袖ケ浦市,そでがうらし
千葉県,,,八街市,やちまたし
千葉県,,,印西市,いんざいし
千葉県,,,白井市,しろいし
千葉県,,,富里市,とみさとし
千葉県,,,南房総市,みなみぼうそうし
千葉県,,,匝瑳市,そうさし
千葉県,,,香取市,かとりし
千葉県,,,山武市,さんむし
千葉県,,,いすみ市,いすみし
千葉県,,,大網白里市,おおあみしらさとし
千葉県,印旛郡,いんばぐん,酒々井町,しすいまち
千葉県,印旛郡,いんばぐん,栄町,さかえまち
千葉県,香取郡,かとりぐん,神崎町,こうざきまち
千葉県,香取郡,かとりぐん,多古町,たこまち
千葉県,香取郡,かとりぐん,東庄町,とうのしょうまち
千葉県,山武郡,さんぶぐん,九十九里町,くじゅうくりまち
千葉県,山武郡,さんぶぐん,芝山町,しばやままち
千葉県,山武郡,さんぶぐん,横芝光町,よこしばひかりまち
千葉県,長生郡,ちょうせいぐん,一宮町,いちのみやまち
千葉県,長生郡,ちょうせいぐん,睦沢町,むつざわまち
千葉県,長生郡,ちょうせいぐん,長生村,ちょうせいむら
千葉県,長生郡,ちょうせいぐん,白子町,しらこまち
千葉県,長生郡,ちょうせいぐん,長柄町,ながらまち
千葉県,長生郡,ちょうせいぐん,長南町,ちょうなんまち
千葉県,夷隅郡,いすみぐん,大多喜町,おおたきまち
千葉県,夷隅郡,いすみぐん,御宿町,おんじゅくまち
千葉県,安房郡,あわぐん,鋸南町,きょなんまち
東京都,,,特別区部,とくべつくぶ
東京都,,,千代田区,ちよだく
東京都,,,中央区,ちゅうおうく
東京都,,,港区,みなとく
東京都,,,新宿区,しんじゅくく
東京都,,,文京区,ぶんきょうく
東京都,,,台東区,たいとうく
東京都,,,墨田区,すみだく
東京都,,,江東区,こうとうく
東京都,,,品川区,しながわく
東京都,,,目黒区,めぐろく
東京都,,,大田区,おおたく
東京都,,,世田谷区,せたがやく
東京都,,,渋谷区,しぶやく
東京都,,,中野区,なかのく
東京都,,,杉並区,すぎなみく
東京都,,,豊島区,としまく
東京都,,,北区,きたく
東京都,,,荒川区,あらかわく
東京都,,,板橋区,いたばしく
東京都,,,練馬区,ねりまく
東京都,,,足立区,あだちく
東京都,,,葛飾区,かつしかく
東京都,,,江戸川区,えどがわく
東京都,,,八王子市,はちおうじし
東京都,,,立川市,たちかわし
東京都,,,武蔵野市,むさしのし
東京都,,,三鷹市,みたかし
東京都,,,青梅市,おうめし
東京都,,,府中市,ふちゅうし
東京都,,,昭島市,あきしまし
東京都,,,調布市,ちょうふし
東京都,,,町田市,まちだし
東京都,,,小金井市,こがねいし
東京都,,,小平市,こだいらし
東京都,,,日野市,ひのし
東京都,,,東村山市,ひがしむらやまし
東京都,,,国分寺市,こくぶんじし
東京都,,,国立市,くにたちし
東京都,,,福生市,ふっさし
東京都,,,狛江市,こまえし
東京都,,,東大和市,ひがしやまとし
東京都,,,清瀬市,きよせし
東京都,,,東久留米市,ひがしくるめし
東京都,,,武蔵村山市,むさしむらやまし
東京都,,,多摩市,たまし
東京都,,,稲城市,いなぎし
東京都,,,羽村市,はむらし
東京都,,,あきる野市,あきるのし
東京都,,,西東京市,にしとうきょうし
東京都,西多摩郡,にしたまぐん,瑞穂町,みずほまち
東京都,西多摩郡,にしたまぐん,日の出町,ひのでまち
東京都,西多摩郡,にしたまぐん,檜原村,ひのはらむら
東京都,西多摩郡,にしたまぐん,奥多摩町,おくたままち
東京都,大島支庁,おおしましちょう,大島町,おおしままち
東京都,大島支庁,おおしましちょう,利島村,としまむら
東京都,大島支庁,おおしましちょう,新島村,にいじまむら
東京都,大島支庁,おおしましちょう,神津島村,こうづしまむら
東京都,三宅支庁,みやけしちょう,三宅村,みやけむら
東京都,三宅支庁,みやけしちょう,御蔵島村,みくらじまむら
東京都,八丈支庁,はちじょうしちょう,八丈町,はちじょうまち
東京都,八丈支庁,はちじょうしちょう,青ヶ島村,あおがしまむら
東京都,小笠原支庁,おがさわらしちょう,小笠原村,おがさわらむら
神奈川県,横浜市,よこはまし,,
神奈川県,横浜市,よこはまし,鶴見区,つるみく
神奈川県,横浜市,よこはまし,神奈川区,かながわく
神奈川県,横浜市,よこはまし,西区,にしく
神奈川県,横浜市,よこはまし,中区,なかく
神奈川県,横浜市,よこはまし,南区,みなみく
神奈川県,横浜市,よこはまし,保土ケ谷区,ほどがやく
神奈川県,横浜市,よこはまし,磯子区,いそごく
神奈川県,横浜市,よこはまし,金沢区,かなざわく
神奈川県,横浜市,よこはまし,港北区,こうほくく
神奈川県,横浜市,よこはまし,戸塚区,とつかく
神奈川県,横浜市,よこはまし,港南区,こうなんく
神奈川県,横浜市,よこはまし,旭区,あさひく
神奈川県,横浜市,よこはまし,緑区,みどりく
神奈川県,横浜市,よこはまし,瀬谷区,せやく
神奈川県,横浜市,よこはまし,栄区,さかえく
神奈川県,横浜市,よこはまし,泉区,いずみく
神奈川県,横浜市,よこはまし,青葉区,あおばく
神奈川県,横浜市,よこはまし,都筑区,つづきく
神奈川県,川崎市,かわさきし,,
神奈川県,川崎市,かわさきし,川崎区,かわさきく
神奈川県,川崎市,かわさきし,幸区,さいわいく
神奈川県,川崎市,かわさきし,中原区,なかはらく
神奈川県,川崎市,かわさきし,高津区,たかつく
神奈川県,川崎市,かわさきし,多摩区,たまく
神奈川県,川崎市,かわさきし,宮前区,みやまえく
神奈川県,川崎市,かわさきし,麻生区,あさおく
神奈川県,相模原市,さがみはらし,,
神奈川県,相模原市,さがみはらし,緑区,みどりく
神奈川県,相模原市,さがみはらし,中央区,ちゅうおうく
神奈川県,相模原市,さがみはらし,南区,みなみく
神奈川県,,,横須賀市,よこすかし
神奈川県,,,平塚市,ひらつかし
神奈川県,,,鎌倉市,かまくらし
神奈川県,,,藤沢市,ふじさわし
神奈川県,,,小田原市,おだわらし
神奈川県,,,茅ヶ崎市,ちがさきし
神奈川県,,,逗子市,ずしし
神奈川県,,,三浦市,みうらし
神奈川県,,,秦野市,はだのし
神奈川県,,,厚木市,あつぎし
神奈川県,,,大和市,やまとし
神奈川県,,,伊勢原市,いせはらし
神奈川県,,,海老名市,えびなし
神奈川県,,,座間市,ざまし
神奈川県,,,南足柄市,みなみあしがらし
神奈川県,,,綾瀬市,あやせし
神奈川県,三浦郡,みうらぐん,葉山町,はやままち
神奈川県,高座郡,こうざぐん,寒川町,さむかわまち
神奈川県,中郡,なかぐん,大磯町,おおいそまち
神奈川県,中郡,なかぐん,二宮町,にのみやまち
神奈川県,足柄上郡,あしがらかみぐん,中井町,なかいまち
神奈川県,足柄上郡,あしがらかみぐん,大井町,おおいまち
神奈川県,足柄上郡,あしがらかみぐん,松田町,まつだまち
神奈川県,足柄上郡,あしがらかみぐん,山北町,やまきたまち
神奈川県,足柄上郡,あしがらかみぐん,開成町,かいせいまち
神奈川県,足柄下郡,あしがらしもぐん,箱根町,はこねまち
神奈川県,足柄下郡,あしがらしもぐん,真鶴町,まなづるまち
神奈川県,足柄下郡,あしがらしもぐん,湯河原町,ゆがわらまち
神奈川県,愛甲郡,あいこうぐん,愛川町,あいかわまち
神奈川県,愛甲郡,あいこうぐん,清川村,きよかわむら
新潟県,新潟市,にいがたし,,
新潟県,新潟市,にいがたし,北区,きたく
新潟県,新潟市,にいがたし,東区,ひがしく
新潟県,新潟市,にいがたし,中央区,ちゅうおうく
新潟県,新潟市,にいがたし,江南区,こうなんく
新潟県,新潟市,にいがたし,秋葉区,あきはく
新潟県,新潟市,にいがたし,南区,みなみく
新潟県,新潟市,にいがたし,西区,にしく
新潟県,新潟市,にいがたし,西蒲区,にしかんく
新潟県,,,長岡市,ながおかし
新潟県,,,三条市,さんじょうし
新潟県,,,柏崎市,かしわざきし
新潟県,,,新発田市,しばたし
新潟県,,,小千谷市,おぢやし
新潟県,,,加茂市,かもし
新潟県,,,十日町市,とおかまちし
新潟県,,,見附市,みつけし
新潟県,,,村上市,むらかみし
新潟県,,,燕市,つばめし
新潟県,,,糸魚川市,いといがわし
新潟県,,,妙高市,みょうこうし
新潟県,,,五泉市,ごせんし
新潟県,,,上越市,じょうえつし
新潟県,,,阿賀野市,あがのし
新潟県,,,佐渡市,さどし
新潟県,,,魚沼市,うおぬまし
新潟県,,,南魚沼市,みなみうおぬまし
新潟県,,,胎内市,たいないし
新潟県,北蒲原郡,きたかんばらぐん,聖籠町,せいろうまち
新潟県,西蒲原郡,にしかんばらぐん,弥彦村,やひこむら
新潟県,南蒲原郡,みなみかんばらぐん,田上町,たがみまち
新潟県,東蒲原郡,ひがしかんばらぐん,阿賀町,あがまち
新潟県,三島郡,さんとうぐん,出雲崎町,いずもざきまち
新潟県,南魚沼郡,みなみうおぬまぐん,湯沢町,ゆざわまち
新潟県,中魚沼郡,なかうおぬまぐん,津南町,つなんまち
新潟県,刈羽郡,かりわぐん,刈羽村,かりわむら
新潟県,岩船郡,いわふねぐん,関川村,せきかわむら
新潟県,岩船郡,いわふねぐん,粟島浦村,あわしまうらむら
富山県,,,富山市,とやまし
富山県,,,高岡市,たかおかし
富山県,,,魚津市,うおづし
富山県,,,氷見市,ひみし
富山県,,,滑川市,なめりかわし
富山県,,,黒部市,くろべし
富山県,,,砺波市,となみし
富山県,,,小矢部市,おやべし
富山県,,,南砺市,なんとし
富山県,,,射水市,いみずし
富山県,中新川郡,なかにいかわぐん,舟橋村,ふなはしむら
富山県,中新川郡,なかにいかわぐん,上市町,かみいちまち
富山県,中新川郡,なかにいかわぐん,立山町,たてやままち
富山県,下新川郡,しもにいかわぐん,入善町,にゅうぜんまち
富山県,下新川郡,しもにいかわぐん,朝日町,あさひまち
石川県,,,金沢市,かなざわし
石川県,,,七尾市,ななおし
石川県,,,小松市,こまつし
石川県,,,輪島市,わじまし
石川県,,,珠洲市,すずし
石川県,,,加賀市,かがし
石川県,,,羽咋市,はくいし
石川県,,,かほく市,かほくし
石川県,,,白山市,はくさんし
石川県,,,能美市,のみし
石川県,,,野々市市,ののいちし
石川県,能美郡,のみぐん,川北町,かわきたまち
石川県,河北郡,かほくぐん,津幡町,つばたまち
石川県,河北郡,かほくぐん,内灘町,うちなだまち
石川県,羽咋郡,はくいぐん,志賀町,しかまち
石川県,羽咋郡,はくいぐん,宝達志水町,ほうだつしみずちょう
石川県,鹿島郡,かしまぐん,中能登町,なかのとまち
石川県,鳳珠郡,ほうすぐん,穴水町,あなみずまち
石川県,鳳珠郡,ほうすぐん,能登町,のとちょう
福井県,,,福井市,ふくいし
福井県,,,敦賀市,つるがし
福井県,,,小浜市,おばまし
福井県,,,大野市,おおのし
福井県,,,勝山市,かつやまし
福井県,,,鯖江市,さばえし
福井県,,,あわら市,あわらし
福井県,,,越前市,えちぜんし
福井県,,,坂井市,さかいし
福井県,吉田郡,よしだぐん,永平寺町,えいへいじちょう
福井県,今立郡,いまだてぐん,池田町,いけだちょう
福井県,南条郡,なんじょうぐん,南越前町,みなみえちぜんちょう
福井県,丹生郡,にゅうぐん,越前町,えちぜんちょう
福井県,三方郡,みかたぐん,美浜町,みはまちょう
福井県,大飯郡,おおいぐん,高浜町,たかはまちょう
福井県,大飯郡,おおいぐん,おおい町,おおいちょう
福井県,三方上中郡,みかたかみなかぐん,若狭町,わかさちょう
山梨県,,,甲府市,こうふし
山梨県,,,富士吉田市,ふじよしだし
山梨県,,,都留市,つるし
山梨県,,,山梨市,やまなしし
山梨県,,,大月市,おおつきし
山梨県,,,韮崎市,にらさきし
山梨県,,,南アルプス市,みなみあるぷすし
山梨県,,,北杜市,ほくとし
山梨県,,,甲斐市,かいし
山梨県,,,笛吹市,ふえふきし
山梨県,,,上野原市,うえのはらし
山梨県,,,甲州市,こうしゅうし
山梨県,,,中央市,ちゅうおうし
山梨県,西八代郡,にしやつしろぐん,市川三郷町,いちかわみさとちょう
山梨県,南巨摩郡,みなみこまぐん,早川町,はやかわちょう
山梨県,南巨摩郡,みなみこまぐん,身延町,みのぶちょう
山梨県,南巨摩郡,みなみこまぐん,南部町,なんぶちょう
山梨県,南巨摩郡,みなみこまぐん,富士川町,ふじかわちょう
山梨県,中巨摩郡,なかこまぐん,昭和町,しょうわちょう
山梨県,南都留郡,みなみつるぐん,道志村,どうしむら
山梨県,南都留郡,みなみつるぐん,西桂町,にしかつらちょう
山梨県,南都留郡,みなみつるぐん,忍野村,おしのむら
山梨県,南都留郡,みなみつるぐん,山中湖村,やまなかこむら
山梨県,南都留郡,みなみつるぐん,鳴沢村,なるさわむら
山梨県,南都留郡,みなみつるぐん,富士河口湖町,ふじかわぐちこまち
山梨県,北都留郡,きたつるぐん,小菅村,こすげむら
山梨県,北都留郡,きたつるぐん,丹波山村,たばやまむら
長野県,,,長野市,ながのし
長野県,,,松本市,まつもとし
長野県,,,上田市,うえだし
長野県,,,岡谷市,おかやし
長野県,,,飯田市,いいだし
長野県,,,諏訪市,すわし
長野県,,,須坂市,すざかし
長野県,,,小諸市,こもろし
長野県,,,伊那市,いなし
長野県,,,駒ヶ根市,こまがねし
長野県,,,中野市,なかのし
長野県,,,大町市,おおまちし
長野県,,,飯山市,いいやまし
長野県,,,茅野市,ちのし
長野県,,,塩尻市,しおじりし
長野県,,,佐久市,さくし
長野県,,,千曲市,ちくまし
長野県,,,東御市,とうみし
長野県,,,安曇野市,あづみのし
長野県,南佐久郡,みなみさくぐん,小海町,こうみまち
長野県,南佐久郡,みなみさくぐん,川上村,かわかみむら
長野県,南佐久郡,みなみさくぐん,南牧村,みなみまきむら
長野県,南佐久郡,みなみさくぐん,南相木村,みなみあいきむら
長野県,南佐久郡,みなみさくぐん,北相木村,きたあいきむら
長野県,南佐久郡,みなみさくぐん,佐久穂町,さくほまち
長野県,北佐久郡,きたさくぐん,軽井沢町,かるいざわまち
長野県,北佐久郡,きたさくぐん,御代田町,みよたまち
長野県,北佐久郡,きたさくぐん,立科町,たてしなまち
長野県,小県郡,ちいさがたぐん,青木村,あおきむら
長野県,小県郡,ちいさがたぐん,長和町,ながわまち
長野県,諏訪郡,すわぐん,下諏訪町,しもすわまち
長野県,諏訪郡,すわぐん,富士見町,ふじみまち
長野県,諏訪郡,すわぐん,原村,はらむら
長野県,上伊那郡,かみいなぐん,辰野町,たつのまち
長野県,上伊那郡,かみいなぐん,箕輪町,みのわまち
長野県,上伊那郡,かみいなぐん,飯島町,いいじままち
長野県,上伊那郡,かみいなぐん,南箕輪村,みなみみのわむら
長野県,上伊那郡,かみいなぐん,中川村,なかがわむら
長野県,上伊那郡,かみいなぐん,宮田村,みやだむら
長野県,下伊那郡,しもいなぐん,松川町,まつかわまち
長野県,下伊那郡,しもいなぐん,高森町,たかもりまち
長野県,下伊那郡,しもいなぐん,阿南町,あなんちょう
長野県,下伊那郡,しもいなぐん,阿智村,あちむら
長野県,下伊那郡,しもいなぐん,平谷村,ひらやむら
長野県,下伊那郡,しもいなぐん,根羽村,ねばむら
長野県,下伊那郡,しもいなぐん,下條村,しもじょうむら
長野県,下伊那郡,しもいなぐん,売木村,うるぎむら
長野県,下伊那郡,しもいなぐん,天龍村,てんりゅうむら
長野県,下伊那郡,しもいなぐん,泰阜村,やすおかむら
長野県,下伊那郡,しもいなぐん,喬木村,たかぎむら
長野県,下伊那郡,しもいなぐん,豊丘村,とよおかむら
長野県,下伊那郡,しもいなぐん,大鹿村,おおしかむら
長野県,木曽郡,きそぐん,上松町,あげまつまち
長野県,木曽郡,きそぐん,南木曽町,なぎそまち
長野県,木曽郡,きそぐん,木祖村,きそむら
長野県,木曽郡,きそぐん,王滝村,おうたきむら
長野県,木曽郡,きそぐん,大桑村,おおくわむら
長野県,木曽郡,きそぐん,木曽町,きそまち
長野県,東筑摩郡,ひがしちくまぐん,麻績村,おみむら
長野県,東筑摩郡,ひがしちくまぐん,生坂村,いくさかむら
長野県,東筑摩郡,ひがしちくまぐん,山形村,やまがたむら
長野県,東筑摩郡,ひがしちくまぐん,朝日村,あさひむら
長野県,東筑摩郡,ひがしちくまぐん,筑北村,ちくほくむら
長野県,北安曇郡,きたあづみぐん,池田町,いけだまち
長野県,北安曇郡,きたあづみぐん,松川村,まつかわむら
長野県,北安曇郡,きたあづみぐん,白馬村,はくばむら
長野県,北安曇郡,きたあづみぐん,小谷村,おたりむら
長野県,埴科郡,はにしなぐん,坂城町,さかきまち
長野県,上高井郡,かみたかいぐん,小布施町,おぶせまち
長野県,上高井郡,かみたかいぐん,高山村,たかやまむら
長野県,下高井郡,しもたかいぐん,山ノ内町,やまのうちまち
長野県,下高井郡,しもたかいぐん,木島平村,きじまだいらむら
長野県,下高井郡,しもたかいぐん,野沢温泉村,のざわおんせんむら
長野県,上水内郡,かみみのちぐん,信濃町,しなのまち
長野県,上水内郡,かみみのちぐん,小川村,おがわむら
長野県,上水内郡,かみみのちぐん,飯綱町,いいづなまち
長野県,下水内郡,しもみのちぐん,栄村,さかえむら
岐阜県,,,岐阜市,ぎふし
岐阜県,,,大垣市,おおがきし
岐阜県,,,高山市,たかやまし
岐阜県,,,多治見市,たじみし
岐阜県,,,関市,せきし
岐阜県,,,中津川市,なかつがわし
岐阜県,,,美濃市,みのし
岐阜県,,,瑞浪市,みずなみし
岐阜県,,,羽島市,はしまし
岐阜県,,,恵那市,えなし
岐阜県,,,美濃加茂市,みのかもし
岐阜県,,,土岐市,ときし
岐阜県,,,各務原市,かかみがはらし
岐阜県,,,可児市,かにし
岐阜県,,,山県市,やまがたし
岐阜県,,,瑞穂市,みずほし
岐阜県,,,飛騨市,ひだし
岐阜県,,,本巣市,もとすし
岐阜県,,,郡上市,ぐじょうし
岐阜県,,,下呂市,げろし
岐阜県,,,海津市,かいづし
岐阜県,羽島郡,はしまぐん,岐南町,ぎなんちょう
岐阜県,羽島郡,はしまぐん,笠松町,かさまつちょう
岐阜県,養老郡,ようろうぐん,養老町,ようろうちょう
岐阜県,不破郡,ふわぐん,垂井町,たるいちょう
岐阜県,不破郡,ふわぐん,関ケ原町,せきがはらちょう
岐阜県,安八郡,あんぱちぐん,神戸町,ごうどちょう
岐阜県,安八郡,あんぱちぐん,輪之内町,わのうちちょう
岐阜県,安八郡,あんぱちぐん,安八町,あんぱちちょう
岐阜県,揖斐郡,いびぐん,揖斐川町,いびがわちょう
岐阜県,揖斐郡,いびぐん,大野町,おおのちょう
岐阜県,揖斐郡,いびぐん,池田町,いけだちょう
岐阜県,本巣郡,もとすぐん,北方町,きたがたちょう
岐阜県,加茂郡,かもぐん,坂祝町,さかほぎちょう
岐阜県,加茂郡,かもぐん,富加町,とみかちょう
岐阜県,加茂郡,かもぐん,川辺町,かわべちょう
岐阜県,加茂郡,かもぐん,七宗町,ひちそうちょう
岐阜県,加茂郡,かもぐん,八百津町,やおつちょう
岐阜県,加茂郡,かもぐん,白川町,しらかわちょう
岐阜県,加茂郡,かもぐん,東白川村,ひがししらかわむら
岐阜県,可児郡,かにぐん,御嵩町,みたけちょう
岐阜県,大野郡,おおのぐん,白川村,しらかわむら
静岡県,静岡市,しずおかし,,
静岡県,静岡市,しずおかし,葵区,あおいく
静岡県,静岡市,しずおかし,駿河区,するがく
静岡県,静岡市,しずおかし,清水区,しみずく
静岡県,浜松市,はままつし,,
静岡県,浜松市,はままつし,中区,なかく
静岡県,浜松市,はままつし,東区,ひがしく
静岡県,浜松市,はままつし,西区,にしく
静岡県,浜松市,はままつし,南区,みなみく
静岡県,浜松市,はままつし,北区,きたく
静岡県,浜松市,はままつし,浜北区,はまきたく
静岡県,浜松市,はままつし,天竜区,てんりゅうく
静岡県,,,沼津市,ぬまづし
静岡県,,,熱海市,あたみし
静岡県,,,三島市,みしまし
静岡県,,,富士宮市,ふじのみやし
静岡県,,,伊東市,いとうし
静岡県,,,島田市,しまだし
静岡県,,,富士市,ふじし
静岡県,,,磐田市,いわたし
静岡県,,,焼津市,やいづし
静岡県,,,掛川市,かけがわし
静岡県,,,藤枝市,ふじえだし
静岡県,,,御殿場市,ごてんばし
静岡県,,,袋井市,ふくろいし
静岡県,,,下田市,しもだし
静岡県,,,裾野市,すそのし
静岡県,,,湖西市,こさいし
静岡県,,,伊豆市,いずし
静岡県,,,御前崎市,おまえざきし
静岡県,,,菊川市,きくがわし
静岡県,,,伊豆の国市,いずのくにし
静岡県,,,牧之原市,まきのはらし
静岡県,賀茂郡,かもぐん,東伊豆町,ひがしいずちょう
静岡県,賀茂郡,かもぐん,河津町,かわづちょう
静岡県,賀茂郡,かもぐん,南伊豆町,みなみいずちょう
静岡県,賀茂郡,かもぐん,松崎町,まつざきちょう
静岡県,賀茂郡,かもぐん,西伊豆町,にしいずちょう
静岡県,田方郡,たがたぐん,函南町,かんなみちょう
静岡県,駿東郡,すんとうぐん,清水町,しみずちょう
静岡県,駿東郡,すんとうぐん,長泉町,ながいずみちょう
静岡県,駿東郡,すんとうぐん,小山町,おやまちょう
静岡県,榛原郡,はいばらぐん,吉田町,よしだちょう
静岡県,榛原郡,はいばらぐん,川根本町,かわねほんちょう
静岡県,周智郡,しゅうちぐん,森町,もりまち
愛知県,名古屋市,なごやし,,
愛知県,名古屋市,なごやし,千種区,ちくさく
愛知県,名古屋市,なごやし,東区,ひがしく
愛知県,名古屋市,なごやし,北区,きたく
愛知県,名古屋市,なごやし,西区,にしく
愛知県,名古屋市,なごやし,中村区,なかむらく
愛知県,名古屋市,なごやし,中区,なかく
愛知県,名古屋市,なごやし,昭和区,しょうわく
愛知県,名古屋市,なごやし,瑞穂区,みずほく
愛知県,名古屋市,なごやし,熱田区,あつたく
愛知県,名古屋市,なごやし,中川区,なかがわく
愛知県,名古屋市,なごやし,港区,みなとく
愛知県,名古屋市,なごやし,南区,みなみく
愛知県,名古屋市,なごやし,守山区,もりやまく
愛知県,名古屋市,なごやし,緑区,みどりく
愛知県,名古屋市,なごやし,名東区,めいとうく
愛知県,名古屋市,なごやし,天白区,てんぱくく
愛知県,,,豊橋市,とよはしし
愛知県,,,岡崎市,おかざきし
愛知県,,,一宮市,いちのみやし
愛知県,,,瀬戸市,せとし
愛知県,,,半田市,はんだし
愛知県,,,春日井市,かすがいし
愛知県,,,豊川市,とよかわし
愛知県,,,津島市,つしまし
愛知県,,,碧南市,へきなんし
愛知県,,,刈谷市,かりやし
愛知県,,,豊田市,とよたし
愛知県,,,安城市,あんじょうし
愛知県,,,西尾市,にしおし
愛知県,,,蒲郡市,がまごおりし
愛知県,,,犬山市,いぬやまし
愛知県,,,常滑市,とこなめし
愛知県,,,江南市,こうなんし
愛知県,,,小牧市,こまきし
愛知県,,,稲沢市,いなざわし
愛知県,,,新城市,しんしろし
愛知県,,,東海市,とうかいし
愛知県,,,大府市,おおぶし
愛知県,,,知多市,ちたし
愛知県,,,知立市,ちりゅうし
愛知県,,,尾張旭市,おわりあさひし
愛知県,,,高浜市,たかはまし
愛知県,,,岩倉市,いわくらし
愛知県,,,豊明市,とよあけし
愛知県,,,日進市,にっしんし
愛知県,,,田原市,たはらし
愛知県,,,愛西市,あいさいし
愛知県,,,清須市,きよすし
愛知県,,,北名古屋市,きたなごやし
愛知県,,,弥富市,やとみし
愛知県,,,みよし市,みよしし
愛知県,,,あま市,あまし
愛知県,,,長久手市,ながくてし
愛知県,愛知郡,あいちぐん,東郷町,とうごうちょう
愛知県,西春日井郡,にしかすがいぐん,豊山町,とよやまちょう
愛知県,丹羽郡,にわぐん,大口町,おおぐちちょう
愛知県,丹羽郡,にわぐん,扶桑町,ふそうちょう
愛知県,海部郡,あまぐん,大治町,おおはるちょう
愛知県,海部郡,あまぐん,蟹江町,かにえちょう
愛知県,海部郡,あまぐん,飛島村,とびしまむら
愛知県,知多郡,ちたぐん,阿久比町,あぐいちょう
愛知県,知多郡,ちたぐん,東浦町,ひがしうらちょう
愛知県,知多郡,ちたぐん,南知多町,みなみちたちょう
愛知県,知多郡,ちたぐん,美浜町,みはまちょう
愛知県,知多郡,ちたぐん,武豊町,たけとよちょう
愛知県,額田郡,ぬかたぐん,幸田町,こうたちょう
愛知県,北設楽郡,きたしたらぐん,設楽町,したらちょう
愛知県,北設楽郡,きたしたらぐん,東栄町,とうえいちょう
愛知県,北設楽郡,きたしたらぐん,豊根村,とよねむら
三重県,,,津市,つし
三重県,,,四日市市,よっかいちし
三重県,,,伊勢市,いせし
三重県,,,松阪市,まつさかし
三重県,,,桑名市,くわなし
三重県,,,鈴鹿市,すずかし
三重県,,,名張市,なばりし
三重県,,,尾鷲市,おわせし
三重県,,,亀山市,かめやまし
三重県,,,鳥羽市,とばし
三重県,,,熊野市,くまのし
三重県,,,いなべ市,いなべし
三重県,,,志摩市,しまし
三重県,,,伊賀市,いがし
三重県,桑名郡,くわなぐん,木曽岬町,きそさきちょう
三重県,員弁郡,いなべぐん,東員町,とういんちょう
三重県,三重郡,みえぐん,菰野町,こものちょう
三重県,三重郡,みえぐん,朝日町,あさひちょう
三重県,三重郡,みえぐん,川越町,かわごえちょう
三重県,多気郡,たきぐん,多気町,たきちょう
三重県,多気郡,たきぐん,明和町,めいわちょう
三重県,多気郡,たきぐん,大台町,おおだいちょう
三重県,度会郡,わたらいぐん,玉城町,たまきちょう
三重県,度会郡,わたらいぐん,度会町,わたらいちょう
三重県,度会郡,わたらいぐん,大紀町,たいきちょう
三重県,度会郡,わたらいぐん,南伊勢町,みなみいせちょう
三重県,北牟婁郡,きたむろぐん,紀北町,きほくちょう
三重県,南牟婁郡,みなみむろぐん,御浜町,みはまちょう
三重県,南牟婁郡,みなみむろぐん,紀宝町,きほうちょう
滋賀県,,,大津市,おおつし
滋賀県,,,彦根市,ひこねし
滋賀県,,,長浜市,ながはまし
滋賀県,,,近江八幡市,おうみはちまんし
滋賀県,,,草津市,くさつし
滋賀県,,,守山市,もりやまし
滋賀県,,,栗東市,りっとうし
滋賀県,,,甲賀市,こうかし
滋賀県,,,野洲市,やすし
滋賀県,,,湖南市,こなんし
滋賀県,,,高島市,たかしまし
滋賀県,,,東近江市,ひがしおうみし
滋賀県,,,米原市,まいばらし
滋賀県,蒲生郡,がもうぐん,日野町,ひのちょう
滋賀県,蒲生郡,がもうぐん,竜王町,りゅうおうちょう
滋賀県,愛知郡,えちぐん,愛荘町,あいしょうちょう
滋賀県,犬上郡,いぬかみぐん,豊郷町,とよさとちょう
滋賀県,犬上郡,いぬかみぐん,甲良町,こうらちょう
滋賀県,犬上郡,いぬかみぐん,多賀町,たがちょう
京都府,京都市,きょうとし,,
京都府,京都市,きょうとし,北区,きたく
京都府,京都市,きょうとし,上京区,かみぎょうく
京都府,京都市,きょうとし,左京区,さきょうく
京都府,京都市,きょうとし,中京区,なかぎょうく
京都府,京都市,きょうとし,東山区,ひがしやまく
京都府,京都市,きょうとし,下京区,しもぎょうく
京都府,京都市,きょうとし,南区,みなみく
京都府,京都市,きょうとし,右京区,うきょうく
京都府,京都市,きょうとし,伏見区,ふしみく
京都府,京都市,きょうとし,山科区,やましなく
京都府,京都市,きょうとし,西京区,にしきょうく
京都府,,,福知山市,ふくちやまし
京都府,,,舞鶴市,まいづるし
京都府,,,綾部市,あやべし
京都府,,,宇治市,うじし
京都府,,,宮津市,みやづし
京都府,,,亀岡市,かめおかし
京都府,,,城陽市,じょうようし
京都府,,,向日市,むこうし
京都府,,,長岡京市,ながおかきょうし
京都府,,,八幡市,やわたし
京都府,,,京田辺市,きょうたなべし
京都府,,,京丹後市,きょうたんごし
京都府,,,南丹市,なんたんし
京都府,,,木津川市,きづがわし
京都府,乙訓郡,おとくにぐん,大山崎町,おおやまざきちょう
京都府,久世郡,くせぐん,久御山町,くみやまちょう
京都府,綴喜郡,つづきぐん,井手町,いでちょう
京都府,綴喜郡,つづきぐん,宇治田原町,うじたわらちょう
京都府,相楽郡,そうらくぐん,笠置町,かさぎちょう
京都府,相楽郡,そうらくぐん,和束町,わづかちょう
京都府,相楽郡,そうらくぐん,精華町,せいかちょう
京都府,相楽郡,そうらくぐん,南山城村,みなみやましろむら
京都府,船井郡,ふないぐん,京丹波町,きょうたんばちょう
京都府,与謝郡,よさぐん,伊根町,いねちょう
京都府,与謝郡,よさぐん,与謝野町,よさのちょう
大阪府,大阪市,おおさかし,,
大阪府,大阪市,おおさかし,都島区,みやこじまく
大阪府,大阪市,おおさかし,福島区,ふくしまく
大阪府,大阪市,おおさかし,此花区,このはなく
大阪府,大阪市,おおさかし,西区,にしく
大阪府,大阪市,おおさかし,港区,みなとく
大阪府,大阪市,おおさかし,大正区,たいしょうく
大阪府,大阪市,おおさかし,天王寺区,てんのうじく
大阪府,大阪市,おおさかし,浪速区,なにわく
大阪府,大阪市,おおさかし,西淀川区,にしよどがわく
大阪府,大阪市,おおさかし,東淀川区,ひがしよどがわく
大阪府,大阪市,おおさかし,東成区,ひがしなりく
大阪府,大阪市,おおさかし,生野区,いくのく
大阪府,大阪市,おおさかし,旭区,あさひく
大阪府,大阪市,おおさかし,城東区,じょうとうく
大阪府,大阪市,おおさかし,阿倍野区,あべのく
大阪府,大阪市,おおさかし,住吉区,すみよしく
大阪府,大阪市,おおさかし,東住吉区,ひがしすみよしく
大阪府,大阪市,おおさかし,西成区,にしなりく
大阪府,大阪市,おおさかし,淀川区,よどがわく
大阪府,大阪市,おおさかし,鶴見区,つるみく
大阪府,大阪市,おおさかし,住之江区,すみのえく
大阪府,大阪市,おおさかし,平野区,ひらのく
大阪府,大阪市,おおさかし,北区,きたく
大阪府,大阪市,おおさかし,中央区,ちゅうおうく
大阪府,堺市,さかいし,,
大阪府,堺市,さかいし,堺区,さかいく
大阪府,堺市,さかいし,中区,なかく
大阪府,堺市,さかいし,東区,ひがしく
大阪府,堺市,さかいし,西区,にしく
大阪府,堺市,さかいし,南区,みなみく
大阪府,堺市,さかいし,北区,きたく
大阪府,堺市,さかいし,美原区,みはらく
大阪府,,,岸和田市,きしわだし
大阪府,,,豊中市,とよなかし
大阪府,,,池田市,いけだし
大阪府,,,吹田市,すいたし
大阪府,,,泉大津市,いずみおおつし
大阪府,,,高槻市,たかつきし
大阪府,,,貝塚市,かいづかし
大阪府,,,守口市,もりぐちし
大阪府,,,枚方市,ひらかたし
大阪府,,,茨木市,いばらきし
大阪府,,,八尾市,やおし
大阪府,,,泉佐野市,いずみさのし
大阪府,,,富田林市,とんだばやしし
大阪府,,,寝屋川市,ねやがわし
大阪府,,,河内長野市,かわちながのし
大阪府,,,松原市,まつばらし
大阪府,,,大東市,だいとうし
大阪府,,,和泉市,いずみし
大阪府,,,箕面市,みのおし
大阪府,,,柏原市,かしわらし
大阪府,,,羽曳野市,はびきのし
大阪府,,,門真市,かどまし
大阪府,,,摂津市,せっつし
大阪府,,,高石市,たかいしし
大阪府,,,藤井寺市,ふじいでらし
大阪府,,,東大阪市,ひがしおおさかし
大阪府,,,泉南市,せんなんし
大阪府,,,四條畷市,しじょうなわてし
大阪府,,,交野市,かたのし
大阪府,,,大阪狭山市,おおさかさやまし
大阪府,,,阪南市,はんなんし
大阪府,三島郡,みしまぐん,島本町,しまもとちょう
大阪府,豊能郡,とよのぐん,豊能町,とよのちょう
大阪府,豊能郡,とよのぐん,能勢町,のせちょう
大阪府,泉北郡,せんぼくぐん,忠岡町,ただおかちょう
大阪府,泉南郡,せんなんぐん,熊取町,くまとりちょう
大阪府,泉南郡,せんなんぐん,田尻町,たじりちょう
大阪府,泉南郡,せんなんぐん,岬町,みさきちょう
大阪府,南河内郡,みなみかわちぐん,太子町,たいしちょう
大阪府,南河内郡,みなみかわちぐん,河南町,かなんちょう
大阪府,南河内郡,みなみかわちぐん,千早赤阪村,ちはやあかさかむら
兵庫県,神戸市,こうべし,,
兵庫県,神戸市,こうべし,東灘区,ひがしなだく
兵庫県,神戸市,こうべし,灘区,なだく
兵庫県,神戸市,こうべし,兵庫区,ひょうごく
兵庫県,神戸市,こうべし,長田区,ながたく
兵庫県,神戸市,こうべし,須磨区,すまく
兵庫県,神戸市,こうべし,垂水区,たるみく
兵庫県,神戸市,こうべし,北区,きたく
兵庫県,神戸市,こうべし,中央区,ちゅうおうく
兵庫県,神戸市,こうべし,西区,にしく
兵庫県,,,姫路市,ひめじし
兵庫県,,,尼崎市,あまがさきし
兵庫県,,,明石市,あかしし
兵庫県,,,西宮市,にしのみやし
兵庫県,,,洲本市,すもとし
兵庫県,,,芦屋市,あしやし
兵庫県,,,伊丹市,いたみし
兵庫県,,,相生市,あいおいし
兵庫県,,,豊岡市,とよおかし
兵庫県,,,加古川市,かこがわし
兵庫県,,,赤穂市,あこうし
兵庫県,,,西脇市,にしわきし
兵庫県,,,宝塚市,たからづかし
兵庫県,,,三木市,みきし
兵庫県,,,高砂市,たかさごし
兵庫県,,,川西市,かわにしし
兵庫県,,,小野市,おのし
兵庫県,,,三田市,さんだし
兵庫県,,,加西市,かさいし
兵庫県,,,丹波篠山市,たんばささやまし
兵庫県,,,養父市,やぶし
兵庫県,,,丹波市,たんばし
兵庫県,,,南あわじ市,みなみあわじし
兵庫県,,,朝来市,あさごし
兵庫県,,,淡路市,あわじし
兵庫県,,,宍粟市,しそうし
兵庫県,,,加東市,かとうし
兵庫県,,,たつの市,たつのし
兵庫県,川辺郡,かわべぐん,猪名川町,いながわちょう
兵庫県,多可郡,たかぐん,多可町,たかちょう
兵庫県,加古郡,かこぐん,稲美町,いなみちょう
兵庫県,加古郡,かこぐん,播磨町,はりまちょう
兵庫県,神崎郡,かんざきぐん,市川町,いちかわちょう
兵庫県,神崎郡,かんざきぐん,福崎町,ふくさきちょう
兵庫県,神崎郡,かんざきぐん,神河町,かみかわちょう
兵庫県,揖保郡,いぼぐん,太子町,たいしちょう
兵庫県,赤穂郡,あこうぐん,上郡町,かみごおりちょう
兵庫県,佐用郡,さようぐん,佐用町,さようちょう
兵庫県,美方郡,みかたぐん,香美町,かみちょう
兵庫県,美方郡,みかたぐん,新温泉町,しんおんせんちょう
奈良県,,,奈良市,ならし
奈良県,,,大和高田市,やまとたかだし
奈良県,,,大和郡山市,やまとこおりやまし
奈良県,,,天理市,てんりし
奈良県,,,橿原市,かしはらし
奈良県,,,桜井市,さくらいし
奈良県,,,五條市,ごじょうし
奈良県,,,御所市,ごせし
奈良県,,,生駒市,いこまし
奈良県,,,香芝市,かしばし
奈良県,,,葛城市,かつらぎし
奈良県,,,宇陀市,うだし
奈良県,山辺郡,やまべぐん,山添村,やまぞえむら
奈良県,生駒郡,いこまぐん,平群町,へぐりちょう
奈良県,生駒郡,いこまぐん,三郷町,さんごうちょう
奈良県,生駒郡,いこまぐん,斑鳩町,いかるがちょう
奈良県,生駒郡,いこまぐん,安堵町,あんどちょう
奈良県,磯城郡,しきぐん,川西町,かわにしちょう
奈良県,磯城郡,しきぐん,三宅町,みやけちょう
奈良県,磯城郡,しきぐん,田原本町,たわらもとちょう
奈良県,宇陀郡,うだぐん,曽爾村,そにむら
奈良県,宇陀郡,うだぐん,御杖村,みつえむら
奈良県,高市郡,たかいちぐん,高取町,たかとりちょう
奈良県,高市郡,たかいちぐん,明日香村,あすかむら
奈良県,北葛城郡,きたかつらぎぐん,上牧町,かんまきちょう
奈良県,北葛城郡,きたかつらぎぐん,王寺町,おうじちょう
奈良県,北葛城郡,きたかつらぎぐん,広陵町,こうりょうちょう
奈良県,北葛城郡,きたかつらぎぐん,河合町,かわいちょう
奈良県,吉野郡,よしのぐん,吉野町,よしのちょう
奈良県,吉野郡,よしのぐん,大淀町,おおよどちょう
奈良県,吉野郡,よしのぐん,下市町,しもいちちょう
奈良県,吉野郡,よしのぐん,黒滝村,くろたきむら
奈良県,吉野郡,よしのぐん,天川村,てんかわむら
奈良県,吉野郡,よしのぐん,野迫川村,のせがわむら
奈良県,吉野郡,よしのぐん,十津川村,とつかわむら
奈良県,吉野郡,よしのぐん,下北山村,しもきたやまむら
奈良県,吉野郡,よしのぐん,上北山村,かみきたやまむら
奈良県,吉野郡,よしのぐん,川上村,かわかみむら
奈良県,吉野郡,よしのぐん,東吉野村,ひがしよしのむら
和歌山県,,,和歌山市,わかやまし
和歌山県,,,海南市,かいなんし
和歌山県,,,橋本市,はしもとし
和歌山県,,,有田市,ありだし
和歌山県,,,御坊市,ごぼうし
和歌山県,,,田辺市,たなべし
和歌山県,,,新宮市,しんぐうし
和歌山県,,,紀の川市,きのかわし
和歌山県,,,岩出市,いわでし
和歌山県,海草郡,かいそうぐん,紀美野町,きみのちょう
和歌山県,伊都郡,いとぐん,かつらぎ町,かつらぎちょう
和歌山県,伊都郡,いとぐん,九度山町,くどやまちょう
和歌山県,伊都郡,いとぐん,高野町,こうやちょう
和歌山県,有田郡,ありだぐん,湯浅町,ゆあさちょう
和歌山県,有田郡,ありだぐん,広川町,ひろがわちょう
和歌山県,有田郡,ありだぐん,有田川町,ありだがわちょう
和歌山県,日高郡,ひだかぐん,美浜町,みはまちょう
和歌山県,日高郡,ひだかぐん,日高町,ひだかちょう
和歌山県,日高郡,ひだかぐん,由良町,ゆらちょう
和歌山県,日高郡,ひだかぐん,印南町,いなみちょう
和歌山県,日高郡,ひだかぐん,みなべ町,みなべちょう
和歌山県,日高郡,ひだかぐん,日高川町,ひだかがわちょう
和歌山県,西牟婁郡,にしむろぐん,白浜町,しらはまちょう
和歌山県,西牟婁郡,にしむろぐん,上富田町,かみとんだちょう
和歌山県,西牟婁郡,にしむろぐん,すさみ町,すさみちょう
和歌山県,東牟婁郡,ひがしむろぐん,那智勝浦町,なちかつうらちょう
和歌山県,東牟婁郡,ひがしむろぐん,太地町,たいじちょう
和歌山県,東牟婁郡,ひがしむろぐん,古座川町,こざがわちょう
和歌山県,東牟婁郡,ひがしむろぐん,北山村,きたやまむら
和歌山県,東牟婁郡,ひがしむろぐん,串本町,くしもとちょう
鳥取県,,,鳥取市,とっとりし
鳥取県,,,米子市,よなごし
鳥取県,,,倉吉市,くらよしし
鳥取県,,,境港市,さかいみなとし
鳥取県,岩美郡,いわみぐん,岩美町,いわみちょう
鳥取県,八頭郡,やずぐん,若桜町,わかさちょう
鳥取県,八頭郡,やずぐん,智頭町,ちづちょう
鳥取県,八頭郡,やずぐん,八頭町,やずちょう
鳥取県,東伯郡,とうはくぐん,三朝町,みささちょう
鳥取県,東伯郡,とうはくぐん,湯梨浜町,ゆりはまちょう
鳥取県,東伯郡,とうはくぐん,琴浦町,ことうらちょう
鳥取県,東伯郡,とうはくぐん,北栄町,ほくえいちょう
鳥取県,西伯郡,さいはくぐん,日吉津村,ひえづそん
鳥取県,西伯郡,さいはくぐん,大山町,だいせんちょう
鳥取県,西伯郡,さいはくぐん,南部町,なんぶちょう
鳥取県,西伯郡,さいはくぐん,伯耆町,ほうきちょう
鳥取県,日野郡,ひのぐん,日南町,にちなんちょう
鳥取県,日野郡,ひのぐん,日野町,ひのちょう
鳥取県,日野郡,ひのぐん,江府町,こうふちょう
島根県,,,松江市,まつえし
島根県,,,浜田市,はまだし
島根県,,,出雲市,いずもし
島根県,,,益田市,ますだし
島根県,,,大田市,おおだし
島根県,,,安来市,やすぎし
島根県,,,江津市,ごうつし
島根県,,,雲南市,うんなんし
島根県,仁多郡,にたぐん,奥出雲町,おくいずもちょう
島根県,飯石郡,いいしぐん,飯南町,いいなんちょう
島根県,邑智郡,おおちぐん,川本町,かわもとまち
島根県,邑智郡,おおちぐん,美郷町,みさとちょう
島根県,邑智郡,おおちぐん,邑南町,おおなんちょう
島根県,鹿足郡,かのあしぐん,津和野町,つわのちょう
島根県,鹿足郡,かのあしぐん,吉賀町,よしかちょう
島根県,隠岐郡,おきぐん,海士町,あまちょう
島根県,隠岐郡,おきぐん,西ノ島町,にしのしまちょう
島根県,隠岐郡,おきぐん,知夫村,ちぶむら
島根県,隠岐郡,おきぐん,隠岐の島町,おきのしまちょう
岡山県,岡山市,おかやまし,,
岡山県,岡山市,おかやまし,北区,きたく
岡山県,岡山市,おかやまし,中区,なかく
岡山県,岡山市,おかやまし,東区,ひがしく
岡山県,岡山市,おかやまし,南区,みなみく
岡山県,,,倉敷市,くらしきし
岡山県,,,津山市,つやまし
岡山県,,,玉野市,たまのし
岡山県,,,笠岡市,かさおかし
岡山県,,,井原市,いばらし
岡山県,,,総社市,そうじゃし
岡山県,,,高梁市,たかはしし
岡山県,,,新見市,にいみし
岡山県,,,備前市,びぜんし
岡山県,,,瀬戸内市,せとうちし
岡山県,,,赤磐市,あかいわし
岡山県,,,真庭市,まにわし
岡山県,,,美作市,みまさかし
岡山県,,,浅口市,あさくちし
岡山県,和気郡,わけぐん,和気町,わけちょう
岡山県,都窪郡,つくぼぐん,早島町,はやしまちょう
岡山県,浅口郡,あさくちぐん,里庄町,さとしょうちょう
岡山県,小田郡,おだぐん,矢掛町,やかげちょう
岡山県,真庭郡,まにわぐん,新庄村,しんじょうそん
岡山県,苫田郡,とまたぐん,鏡野町,かがみのちょう
岡山県,勝田郡,かつたぐん,勝央町,しょうおうちょう
岡山県,勝田郡,かつたぐん,奈義町,なぎちょう
岡山県,英田郡,あいだぐん,西粟倉村,にしあわくらそん
岡山県,久米郡,くめぐん,久米南町,くめなんちょう
岡山県,久米郡,くめぐん,美咲町,みさきちょう
岡山県,加賀郡,かがぐん,吉備中央町,きびちゅうおうちょう
広島県,広島市,ひろしまし,,
広島県,広島市,ひろしまし,中区,なかく
広島県,広島市,ひろしまし,東区,ひがしく
広島県,広島市,ひろしまし,南区,みなみく
広島県,広島市,ひろしまし,西区,にしく
広島県,広島市,ひろしまし,安佐南区,あさみなみく
広島県,広島市,ひろしまし,安佐北区,あさきたく
広島県,広島市,ひろしまし,安芸区,あきく
広島県,広島市,ひろしまし,佐伯区,さえきく
広島県,,,呉市,くれし
広島県,,,竹原市,たけはらし
広島県,,,三原市,みはらし
広島県,,,尾道市,おのみちし
広島県,,,福山市,ふくやまし
広島県,,,府中市,ふちゅうし
広島県,,,三次市,みよしし
広島県,,,庄原市,しょうばらし
広島県,,,大竹市,おおたけし
広島県,,,東広島市,ひがしひろしまし
広島県,,,廿日市市,はつかいちし
広島県,,,安芸高田市,あきたかたし
広島県,,,江田島市,えたじまし
広島県,安芸郡,あきぐん,府中町,ふちゅうちょう
広島県,安芸郡,あきぐん,海田町,かいたちょう
広島県,安芸郡,あきぐん,熊野町,くまのちょう
広島県,安芸郡,あきぐん,坂町,さかちょう
広島県,山県郡,やまがたぐん,安芸太田町,あきおおたちょう
広島県,山県郡,やまがたぐん,北広島町,きたひろしまちょう
広島県,豊田郡,とよたぐん,大崎上島町,おおさきかみじまちょう
広島県,世羅郡,せらぐん,世羅町,せらちょう
広島県,神石郡,じんせきぐん,神石高原町,じんせきこうげんちょう
山口県,,,下関市,しものせきし
山口県,,,宇部市,うべし
山口県,,,山口市,やまぐちし
山口県,,,萩市,はぎし
山口県,,,防府市,ほうふし
山口県,,,下松市,くだまつし
山口県,,,岩国市,いわくにし
山口県,,,光市,ひかりし
山口県,,,長門市,ながとし
山口県,,,柳井市,やないし
山口県,,,美祢市,みねし
山口県,,,周南市,しゅうなんし
山口県,,,山陽小野田市,さんようおのだし
山口県,大島郡,おおしまぐん,周防大島町,すおうおおしまちょう
山口県,玖珂郡,くがぐん,和木町,わきちょう
山口県,熊毛郡,くまげぐん,上関町,かみのせきちょう
山口県,熊毛郡,くまげぐん,田布施町,たぶせちょう
山口県,熊毛郡,くまげぐん,平生町,ひらおちょう
山口県,阿武郡,あぶぐん,阿武町,あぶちょう
徳島県,,,徳島市,とくしまし
徳島県,,,鳴門市,なるとし
徳島県,,,小松島市,こまつしまし
徳島県,,,阿南市,あなんし
徳島県,,,吉野川市,よしのがわし
徳島県,,,阿波市,あわし
徳島県,,,美馬市,みまし
徳島県,,,三好市,みよしし
徳島県,勝浦郡,かつうらぐん,勝浦町,かつうらちょう
徳島県,勝浦郡,かつうらぐん,上勝町,かみかつちょう
徳島県,名東郡,みょうどうぐん,佐那河内村,さなごうちそん
徳島県,名西郡,みょうざいぐん,石井町,いしいちょう
徳島県,名西郡,みょうざいぐん,神山町,かみやまちょう
徳島県,那賀郡,なかぐん,那賀町,なかちょう
徳島県,海部郡,かいふぐん,牟岐町,むぎちょう
徳島県,海部郡,かいふぐん,美波町,みなみちょう
徳島県,海部郡,かいふぐん,海陽町,かいようちょう
徳島県,板野郡,いたのぐん,松茂町,まつしげちょう
徳島県,板野郡,いたのぐん,北島町,きたじまちょう
徳島県,板野郡,いたのぐん,藍住町,あいずみちょう
徳島県,板野郡,いたのぐん,板野町,いたのちょう
徳島県,板野郡,いたのぐん,上板町,かみいたちょう
徳島県,美馬郡,みまぐん,つるぎ町,つるぎちょう
徳島県,三好郡,みよしぐん,東みよし町,ひがしみよしちょう
香川県,,,高松市,たかまつし
香川県,,,丸亀市,まるがめし
香川県,,,坂出市,さかいでし
香川県,,,善通寺市,ぜんつうじし
香川県,,,観音寺市,かんおんじし
香川県,,,さぬき市,さぬきし
香川県,,,東かがわ市,ひがしかがわし
香川県,,,三豊市,みとよし
香川県,小豆郡,しょうずぐん,土庄町,とのしょうちょう
香川県,小豆郡,しょうずぐん,小豆島町,しょうどしまちょう
香川県,木田郡,きたぐん,三木町,みきちょう
香川県,香川郡,かがわぐん,直島町,なおしまちょう
香川県,綾歌郡,あやうたぐん,宇多津町,うたづちょう
香川県,綾歌郡,あやうたぐん,綾川町,あやがわちょう
香川県,仲多度郡,なかたどぐん,琴平町,ことひらちょう
香川県,仲多度郡,なかたどぐん,多度津町,たどつちょう
香川県,仲多度郡,なかたどぐん,まんのう町,まんのうちょう
愛媛県,,,松山市,まつやまし
愛媛県,,,今治市,いまばりし
愛媛県,,,宇和島市,うわじまし
愛媛県,,,八幡浜市,やわたはまし
愛媛県,,,新居浜市,にいはまし
愛媛県,,,西条市,さいじょうし
愛媛県,,,大洲市,おおずし
愛媛県,,,伊予市,いよし
愛媛県,,,四国中央市,しこくちゅうおうし
愛媛県,,,西予市,せいよし
愛媛県,,,東温市,とうおんし
愛媛県,越智郡,おちぐん,上島町,かみじまちょう
愛媛県,上浮穴郡,かみうけなぐん,久万高原町,くまこうげんちょう
愛媛県,伊予郡,いよぐん,松前町,まさきちょう
愛媛県,伊予郡,いよぐん,砥部町,とべちょう
愛媛県,喜多郡,きたぐん,内子町,うちこちょう
愛媛県,西宇和郡,にしうわぐん,伊方町,いかたちょう
愛媛県,北宇和郡,きたうわぐん,松野町,まつのちょう
愛媛県,北宇和郡,きたうわぐん,鬼北町,きほくちょう
愛媛県,南宇和郡,みなみうわぐん,愛南町,あいなんちょう
高知県,,,高知市,こうちし
高知県,,,室戸市,むろとし
高知県,,,安芸市,あきし
高知県,,,南国市,なんこくし
高知県,,,土佐市,とさし
高知県,,,須崎市,すさきし
高知県,,,宿毛市,すくもし
高知県,,,土佐清水市,とさしみずし
高知県,,,四万十市,しまんとし
高知県,,,香南市,こうなんし
高知県,,,香美市,かみし
高知県,安芸郡,あきぐん,東洋町,とうようちょう
高知県,安芸郡,あきぐん,奈半利町,なはりちょう
高知県,安芸郡,あきぐん,田野町,たのちょう
高知県,安芸郡,あきぐん,安田町,やすだちょう
高知県,安芸郡,あきぐん,北川村,きたがわむら
高知県,安芸郡,あきぐん,馬路村,うまじむら
高知県,安芸郡,あきぐん,芸西村,げいせいむら
高知県,長岡郡,ながおかぐん,本山町,もとやまちょう
高知県,長岡郡,ながおかぐん,大豊町,おおとよちょう
高知県,土佐郡,とさぐん,土佐町,とさちょう
高知県,土佐郡,とさぐん,大川村,おおかわむら
高知県,吾川郡,あがわぐん,いの町,いのちょう
高知県,吾川郡,あがわぐん,仁淀川町,によどがわちょう
高知県,高岡郡,たかおかぐん,中土佐町,なかとさちょう
高知県,高岡郡,たかおかぐん,佐川町,さかわちょう
高知県,高岡郡,たかおかぐん,越知町,おちちょう
高知県,高岡郡,たかおかぐん,檮原町,ゆすはらちょう
高知県,高岡郡,たかおかぐん,日高村,ひだかむら
高知県,高岡郡,たかおかぐん,津野町,つのちょう
高知県,高岡郡,たかおかぐん,四万十町,しまんとちょう
高知県,幡多郡,はたぐん,大月町,おおつきちょう
高知県,幡多郡,はたぐん,三原村,みはらむら
高知県,幡多郡,はたぐん,黒潮町,くろしおちょう
福岡県,北九州市,きたきゅうしゅうし,,
福岡県,北九州市,きたきゅうしゅうし,門司区,もじく
福岡県,北九州市,きたきゅうしゅうし,若松区,わかまつく
福岡県,北九州市,きたきゅうしゅうし,戸畑区,とばたく
福岡県,北九州市,きたきゅうしゅうし,小倉北区,こくらきたく
福岡県,北九州市,きたきゅうしゅうし,小倉南区,こくらみなみく
福岡県,北九州市,きたきゅうしゅうし,八幡東区,やはたひがしく
福岡県,北九州市,きたきゅうしゅうし,八幡西区,やはたにしく
福岡県,福岡市,ふくおかし,,
福岡県,福岡市,ふくおかし,東区,ひがしく
福岡県,福岡市,ふくおかし,博多区,はかたく
福岡県,福岡市,ふくおかし,中央区,ちゅうおうく
福岡県,福岡市,ふくおかし,南区,みなみく
福岡県,福岡市,ふくおかし,西区,にしく
福岡県,福岡市,ふくおかし,城南区,じょうなんく
福岡県,福岡市,ふくおかし,早良区,さわらく
福岡県,,,大牟田市,おおむたし
福岡県,,,久留米市,くるめし
福岡県,,,直方市,のおがたし
福岡県,,,飯塚市,いいづかし
福岡県,,,田川市,たがわし
福岡県,,,柳川市,やながわし
福岡県,,,八女市,やめし
福岡県,,,筑後市,ちくごし
福岡県,,,大川市,おおかわし
福岡県,,,行橋市,ゆくはしし
福岡県,,,豊前市,ぶぜんし
福岡県,,,中間市,なかまし
福岡県,,,小郡市,おごおりし
福岡県,,,筑紫野市,ちくしのし
福岡県,,,春日市,かすがし
福岡県,,,大野城市,おおのじょうし
福岡県,,,宗像市,むなかたし
福岡県,,,太宰府市,だざいふし
福岡県,,,古賀市,こがし
福岡県,,,福津市,ふくつし
福岡県,,,うきは市,うきはし
福岡県,,,宮若市,みやわかし
福岡県,,,嘉麻市,かまし
福岡県,,,朝倉市,あさくらし
福岡県,,,みやま市,みやまし
福岡県,,,糸島市,いとしまし
福岡県,,,那珂川市,なかがわし
福岡県,糟屋郡,かすやぐん,宇美町,うみまち
福岡県,糟屋郡,かすやぐん,篠栗町,ささぐりまち
福岡県,糟屋郡,かすやぐん,志免町,しめまち
福岡県,糟屋郡,かすやぐん,須恵町,すえまち
福岡県,糟屋郡,かすやぐん,新宮町,しんぐうまち
福岡県,糟屋郡,かすやぐん,久山町,ひさやままち
福岡県,糟屋郡,かすやぐん,粕屋町,かすやまち
福岡県,遠賀郡,おんがぐん,芦屋町,あしやまち
福岡県,遠賀郡,おんがぐん,水巻町,みずまきまち
福岡県,遠賀郡,おんがぐん,岡垣町,おかがきまち
福岡県,遠賀郡,おんがぐん,遠賀町,おんがちょう
福岡県,鞍手郡,くらてぐん,小竹町,こたけまち
福岡県,鞍手郡,くらてぐん,鞍手町,くらてまち
福岡県,嘉穂郡,かほぐん,桂川町,けいせんまち
福岡県,朝倉郡,あさくらぐん,筑前町,ちくぜんまち
福岡県,朝倉郡,あさくらぐん,東峰村,とうほうむら
福岡県,三井郡,みいぐん,大刀洗町,たちあらいまち
福岡県,三潴郡,みづまぐん,大木町,おおきまち
福岡県,八女郡,やめぐん,広川町,ひろかわまち
福岡県,田川郡,たがわぐん,香春町,かわらまち
福岡県,田川郡,たがわぐん,添田町,そえだまち
福岡県,田川郡,たがわぐん,糸田町,いとだまち
福岡県,田川郡,たがわぐん,川崎町,かわさきまち
福岡県,田川郡,たがわぐん,大任町,おおとうまち
福岡県,田川郡,たがわぐん,赤村,あかむら
福岡県,田川郡,たがわぐん,福智町,ふくちまち
福岡県,京都郡,みやこぐん,苅田町,かんだまち
福岡県,京都郡,みやこぐん,みやこ町,みやこまち
福岡県,築上郡,ちくじょうぐん,吉富町,よしとみまち
福岡県,築上郡,ちくじょうぐん,上毛町,こうげまち
福岡県,築上郡,ちくじょうぐん,築上町,ちくじょうまち
佐賀県,,,佐賀市,さがし
佐賀県,,,唐津市,からつし
佐賀県,,,鳥栖市,とすし
佐賀県,,,多久市,たくし
佐賀県,,,伊万里市,いまりし
佐賀県,,,武雄市,たけおし
佐賀県,,,鹿島市,かしまし
佐賀県,,,小城市,おぎし
佐賀県,,,嬉野市,うれしのし
佐賀県,,,神埼市,かんざきし
佐賀県,神埼郡,かんざきぐん,吉野ヶ里町,よしのがりちょう
佐賀県,三養基郡,みやきぐん,基山町,きやまちょう
佐賀県,三養基郡,みやきぐん,上峰町,かみみねちょう
佐賀県,三養基郡,みやきぐん,みやき町,みやきちょう
佐賀県,東松浦郡,ひがしまつうらぐん,玄海町,げんかいちょう
佐賀県,西松浦郡,にしまつうらぐん,有田町,ありたちょう
佐賀県,杵島郡,きしまぐん,大町町,おおまちちょう
佐賀県,杵島郡,きしまぐん,江北町,こうほくまち
佐賀県,杵島郡,きしまぐん,白石町,しろいしちょう
佐賀県,藤津郡,ふじつぐん,太良町,たらちょう
長崎県,,,長崎市,ながさきし
長崎県,,,佐世保市,させぼし
長崎県,,,島原市,しまばらし
長崎県,,,諫早市,いさはやし
長崎県,,,大村市,おおむらし
長崎県,,,平戸市,ひらどし
長崎県,,,松浦市,まつうらし
長崎県,,,対馬市,つしまし
長崎県,,,壱岐市,いきし
長崎県,,,五島市,ごとうし
長崎県,,,西海市,さいかいし
長崎県,,,雲仙市,うんぜんし
長崎県,,,南島原市,みなみしまばらし
長崎県,西彼杵郡,にしそのぎぐん,長与町,ながよちょう
長崎県,西彼杵郡,にしそのぎぐん,時津町,とぎつちょう
長崎県,東彼杵郡,ひがしそのぎぐん,東彼杵町,ひがしそのぎちょう
長崎県,東彼杵郡,ひがしそのぎぐん,川棚町,かわたなちょう
長崎県,東彼杵郡,ひがしそのぎぐん,波佐見町,はさみちょう
長崎県,北松浦郡,きたまつうらぐん,小値賀町,おぢかちょう
長崎県,北松浦郡,きたまつうらぐん,佐々町,さざちょう
長崎県,南松浦郡,みなみまつうらぐん,新上五島町,しんかみごとうちょう
熊本県,熊本市,くまもとし,,
熊本県,熊本市,くまもとし,中央区,ちゅうおうく
熊本県,熊本市,くまもとし,東区,ひがしく
熊本県,熊本市,くまもとし,西区,にしく
熊本県,熊本市,くまもとし,南区,みなみく
熊本県,熊本市,くまもとし,北区,きたく
熊本県,,,八代市,やつしろし
熊本県,,,人吉市,ひとよしし
熊本県,,,荒尾市,あらおし
熊本県,,,水俣市,みなまたし
熊本県,,,玉名市,たまなし
熊本県,,,山鹿市,やまがし
熊本県,,,菊池市,きくちし
熊本県,,,宇土市,うとし
熊本県,,,上天草市,かみあまくさし
熊本県,,,宇城市,うきし
熊本県,,,阿蘇市,あそし
熊本県,,,天草市,あまくさし
熊本県,,,合志市,こうしし
熊本県,下益城郡,しもましきぐん,美里町,みさとまち
熊本県,玉名郡,たまなぐん,玉東町,ぎょくとうまち
熊本県,玉名郡,たまなぐん,南関町,なんかんまち
熊本県,玉名郡,たまなぐん,長洲町,ながすまち
熊本県,玉名郡,たまなぐん,和水町,なごみまち
熊本県,菊池郡,きくちぐん,大津町,おおづまち
熊本県,菊池郡,きくちぐん,菊陽町,きくようまち
熊本県,阿蘇郡,あそぐん,南小国町,みなみおぐにまち
熊本県,阿蘇郡,あそぐん,小国町,おぐにまち
熊本県,阿蘇郡,あそぐん,産山村,うぶやまむら
熊本県,阿蘇郡,あそぐん,高森町,たかもりまち
熊本県,阿蘇郡,あそぐん,西原村,にしはらむら
熊本県,阿蘇郡,あそぐん,南阿蘇村,みなみあそむら
熊本県,上益城郡,かみましきぐん,御船町,みふねまち
熊本県,上益城郡,かみましきぐん,嘉島町,かしままち
熊本県,上益城郡,かみましきぐん,益城町,ましきまち
熊本県,上益城郡,かみましきぐん,甲佐町,こうさまち
熊本県,上益城郡,かみましきぐん,山都町,やまとちょう
熊本県,八代郡,やつしろぐん,氷川町,ひかわちょう
熊本県,葦北郡,あしきたぐん,芦北町,あしきたまち
熊本県,葦北郡,あしきたぐん,津奈木町,つなぎまち
熊本県,球磨郡,くまぐん,錦町,にしきまち
熊本県,球磨郡,くまぐん,多良木町,たらぎまち
熊本県,球磨郡,くまぐん,湯前町,ゆのまえまち
熊本県,球磨郡,くまぐん,水上村,みずかみむら
熊本県,球磨郡,くまぐん,相良村,さがらむら
熊本県,球磨郡,くまぐん,五木村,いつきむら
熊本県,球磨郡,くまぐん,山江村,やまえむら
熊本県,球磨郡,くまぐん,球磨村,くまむら
熊本県,球磨郡,くまぐん,あさぎり町,あさぎりちょう
熊本県,天草郡,あまくさぐん,苓北町,れいほくまち
大分県,,,大分市,おおいたし
大分県,,,別府市,べっぷし
大分県,,,中津市,なかつし
大分県,,,日田市,ひたし
大分県,,,佐伯市,さいきし
大分県,,,臼杵市,うすきし
大分県,,,津久見市,つくみし
大分県,,,竹田市,たけたし
大分県,,,豊後高田市,ぶんごたかだし
大分県,,,杵築市,きつきし
大分県,,,宇佐市,うさし
大分県,,,豊後大野市,ぶんごおおのし
大分県,,,由布市,ゆふし
大分県,,,国東市,くにさきし
大分県,東国東郡,ひがしくにさきぐん,姫島村,ひめしまむら
大分県,速見郡,はやみぐん,日出町,ひじまち
大分県,玖珠郡,くすぐん,九重町,ここのえまち
大分県,玖珠郡,くすぐん,玖珠町,くすまち
宮崎県,,,宮崎市,みやざきし
宮崎県,,,都城市,みやこのじょうし
宮崎県,,,延岡市,のべおかし
宮崎県,,,日南市,にちなんし
宮崎県,,,小林市,こばやしし
宮崎県,,,日向市,ひゅうがし
宮崎県,,,串間市,くしまし
宮崎県,,,西都市,さいとし
宮崎県,,,えびの市,えびのし
宮崎県,北諸県郡,きたもろかたぐん,三股町,みまたちょう
宮崎県,西諸県郡,にしもろかたぐん,高原町,たかはるちょう
宮崎県,東諸県郡,ひがしもろかたぐん,国富町,くにとみちょう
宮崎県,東諸県郡,ひがしもろかたぐん,綾町,あやちょう
宮崎県,児湯郡,こゆぐん,高鍋町,たかなべちょう
宮崎県,児湯郡,こゆぐん,新富町,しんとみちょう
宮崎県,児湯郡,こゆぐん,西米良村,にしめらそん
宮崎県,児湯郡,こゆぐん,木城町,きじょうちょう
宮崎県,児湯郡,こゆぐん,川南町,かわみなみちょう
宮崎県,児湯郡,こゆぐん,都農町,つのちょう
宮崎県,東臼杵郡,ひがしうすきぐん,門川町,かどがわちょう
宮崎県,東臼杵郡,ひがしうすきぐん,諸塚村,もろつかそん
宮崎県,東臼杵郡,ひがしうすきぐん,椎葉村,しいばそん
宮崎県,東臼杵郡,ひがしうすきぐん,美郷町,みさとちょう
宮崎県,西臼杵郡,にしうすきぐん,高千穂町,たかちほちょう
宮崎県,西臼杵郡,にしうすきぐん,日之影町,ひのかげちょう
宮崎県,西臼杵郡,にしうすきぐん,五ヶ瀬町,ごかせちょう
鹿児島県,,,鹿児島市,かごしまし
鹿児島県,,,鹿屋市,かのやし
鹿児島県,,,枕崎市,まくらざきし
鹿児島県,,,阿久根市,あくねし
鹿児島県,,,出水市,いずみし
鹿児島県,,,指宿市,いぶすきし
鹿児島県,,,西之表市,にしのおもてし
鹿児島県,,,垂水市,たるみずし
鹿児島県,,,薩摩川内市,さつませんだいし
鹿児島県,,,日置市,ひおきし
鹿児島県,,,曽於市,そおし
鹿児島県,,,霧島市,きりしまし
鹿児島県,,,いちき串木野市,いちきくしきのし
鹿児島県,,,南さつま市,みなみさつまし
鹿児島県,,,志布志市,しぶしし
鹿児島県,,,奄美市,あまみし
鹿児島県,,,南九州市,みなみきゅうしゅうし
鹿児島県,,,伊佐市,いさし
鹿児島県,,,姶良市,あいらし
鹿児島県,鹿児島郡,かごしまぐん,三島村,みしまむら
鹿児島県,鹿児島郡,かごしまぐん,十島村,としまむら
鹿児島県,薩摩郡,さつまぐん,さつま町,さつまちょう
鹿児島県,出水郡,いずみぐん,長島町,ながしまちょう
鹿児島県,姶良郡,あいらぐん,湧水町,ゆうすいちょう
鹿児島県,曽於郡,そおぐん,大崎町,おおさきちょう
鹿児島県,肝属郡,きもつきぐん,東串良町,ひがしくしらちょう
鹿児島県,肝属郡,きもつきぐん,錦江町,きんこうちょう
鹿児島県,肝属郡,きもつきぐん,南大隅町,みなみおおすみちょう
鹿児島県,肝属郡,きもつきぐん,肝付町,きもつきちょう
鹿児島県,熊毛郡,くまげぐん,中種子町,なかたねちょう
鹿児島県,熊毛郡,くまげぐん,南種子町,みなみたねちょう
鹿児島県,熊毛郡,くまげぐん,屋久島町,やくしまちょう
鹿児島県,大島郡,おおしまぐん,大和村,やまとそん
鹿児島県,大島郡,おおしまぐん,宇検村,うけんそん
鹿児島県,大島郡,おおしまぐん,瀬戸内町,せとうちちょう
鹿児島県,大島郡,おおしまぐん,龍郷町,たつごうちょう
鹿児島県,大島郡,おおしまぐん,喜界町,きかいちょう
鹿児島県,大島郡,おおしまぐん,徳之島町,とくのしまちょう
鹿児島県,大島郡,おおしまぐん,天城町,あまぎちょう
鹿児島県,大島郡,おおしまぐん,伊仙町,いせんちょう
鹿児島県,大島郡,おおしまぐん,和泊町,わどまりちょう
鹿児島県,大島郡,おおしまぐん,知名町,ちなちょう
鹿児島県,大島郡,おおしまぐん,与論町,よろんちょう
沖縄県,,,那覇市,なはし
沖縄県,,,宜野湾市,ぎのわんし
沖縄県,,,石垣市,いしがきし
沖縄県,,,浦添市,うらそえし
沖縄県,,,名護市,なごし
沖縄県,,,糸満市,いとまんし
沖縄県,,,沖縄市,おきなわし
沖縄県,,,豊見城市,とみぐすくし
沖縄県,,,うるま市,うるまし
沖縄県,,,宮古島市,みやこじまし
沖縄県,,,南城市,なんじょうし
沖縄県,国頭郡,くにがみぐん,国頭村,くにがみそん
沖縄県,国頭郡,くにがみぐん,大宜味村,おおぎみそん
沖縄県,国頭郡,くにがみぐん,東村,ひがしそん
沖縄県,国頭郡,くにがみぐん,今帰仁村,なきじんそん
沖縄県,国頭郡,くにがみぐん,本部町,もとぶちょう
沖縄県,国頭郡,くにがみぐん,恩納村,おんなそん
沖縄県,国頭郡,くにがみぐん,宜野座村,ぎのざそん
沖縄県,国頭郡,くにがみぐん,金武町,きんちょう
沖縄県,国頭郡,くにがみぐん,伊江村,いえそん
沖縄県,中頭郡,なかがみぐん,読谷村,よみたんそん
沖縄県,中頭郡,なかがみぐん,嘉手納町,かでなちょう
沖縄県,中頭郡,なかがみぐん,北谷町,ちゃたんちょう
沖縄県,中頭郡,なかがみぐん,北中城村,きたなかぐすくそん
沖縄県,中頭郡,なかがみぐん,中城村,なかぐすくそん
沖縄県,中頭郡,なかがみぐん,西原町,にしはらちょう
沖縄県,島尻郡,しまじりぐん,与那原町,よなばるちょう
沖縄県,島尻郡,しまじりぐん,南風原町,はえばるちょう
沖縄県,島尻郡,しまじりぐん,渡嘉敷村,とかしきそん
沖縄県,島尻郡,しまじりぐん,座間味村,ざまみそん
沖縄県,島尻郡,しまじりぐん,粟国村,あぐにそん
沖縄県,島尻郡,しまじりぐん,渡名喜村,となきそん
沖縄県,島尻郡,しまじりぐん,南大東村,みなみだいとうそん
沖縄県,島尻郡,しまじりぐん,北大東村,きただいとうそん
沖縄県,島尻郡,しまじりぐん,伊平屋村,いへやそん
沖縄県,島尻郡,しまじりぐん,伊是名村,いぜなそん
沖縄県,島尻郡,しまじりぐん,久米島町,くめじまちょう
沖縄県,島尻郡,しまじりぐん,八重瀬町,やえせちょう
沖縄県,宮古郡,みやこぐん,多良間村,たらまそん
沖縄県,八重山郡,やえやまぐん,竹富町,たけとみちょう
沖縄県,八重山郡,やえやまぐん,与那国町,よなぐにちょう
